scenario,fault_type,target_id,severity,start_hour,end_hour,rank,asset_id,asset_type,parameter,mean_abs_residual,max_abs_residual,peak_signed_residual,first_changed_timestamp
leak_101_sev30_t06_12,leak,101,0.3,6,12,1,101,node,pressure,0.8578301666666684,0.871216000000004,-0.871216000000004,21600.0
leak_101_sev30_t06_12,leak,101,0.3,6,12,2,103,node,pressure,0.7884780000000026,0.8018260000000055,-0.8018260000000055,21600.0
leak_101_sev30_t06_12,leak,101,0.3,6,12,3,109,node,pressure,0.6003130000000011,0.6154840000000021,-0.6154840000000021,21600.0
leak_101_sev30_t06_12,leak,101,0.3,6,12,4,105,node,pressure,0.45207099999999895,0.46884899999999874,-0.46884899999999874,21600.0
leak_101_sev30_t06_12,leak,101,0.3,6,12,5,107,node,pressure,0.4302330000000012,0.4475270000000009,-0.4475270000000009,21600.0
leak_101_sev30_t06_12,leak,101,0.3,6,12,6,111,node,pressure,0.2644016666666668,0.29053899999999544,-0.29053899999999544,21600.0
leak_101_sev30_t06_12,leak,101,0.3,6,12,7,115,node,pressure,0.24742433333333244,0.27297399999999783,-0.27297399999999783,21600.0
leak_101_sev30_t06_12,leak,101,0.3,6,12,8,10,node,pressure,0.2658901666666675,0.26991800000000055,-0.26991800000000055,21600.0
leak_101_sev30_t06_12,leak,101,0.3,6,12,9,263,node,pressure,0.24610666666666722,0.26846599999999654,-0.26846599999999654,21600.0
leak_101_sev30_t06_12,leak,101,0.3,6,12,10,261,node,pressure,0.22880799999999843,0.25139599999999973,-0.25139599999999973,21600.0
leak_101_sev30_t06_12,leak,101,0.3,6,12,11,113,node,pressure,0.21432883333333544,0.24322200000000294,-0.24322200000000294,21600.0
leak_101_sev30_t06_12,leak,101,0.3,6,12,12,259,node,pressure,0.20729183333333387,0.23263500000000192,-0.23263500000000192,21600.0
leak_101_sev30_t06_12,leak,101,0.3,6,12,13,117,node,pressure,0.21031533333333266,0.2325879999999998,-0.2325879999999998,21600.0
leak_101_sev30_t06_12,leak,101,0.3,6,12,14,257,node,pressure,0.19758633333333245,0.22367500000000007,-0.22367500000000007,21600.0
leak_101_sev30_t06_12,leak,101,0.3,6,12,15,197,node,pressure,0.17607099999999912,0.20745999999999754,-0.20745999999999754,21600.0
leak_101_sev30_t06_12,leak,101,0.3,6,12,16,191,node,pressure,0.14042399999999944,0.17408000000000357,-0.17408000000000357,21600.0
leak_101_sev30_t06_12,leak,101,0.3,6,12,17,193,node,pressure,0.14023666666666892,0.1739999999999995,-0.1739999999999995,21600.0
leak_101_sev30_t06_12,leak,101,0.3,6,12,18,195,node,pressure,0.1389490000000002,0.17280600000000135,-0.17280600000000135,21600.0
leak_101_sev30_t06_12,leak,101,0.3,6,12,19,120,node,pressure,0.13886266666666813,0.170341999999998,-0.170341999999998,21600.0
leak_101_sev30_t06_12,leak,101,0.3,6,12,20,267,node,pressure,0.1048488333333341,0.14200999999999908,-0.14200999999999908,21600.0
leak_101_sev30_t10_16,leak,101,0.3,10,16,1,101,node,pressure,0.7793304999999991,0.8781049999999979,-0.8781049999999979,36000.0
leak_101_sev30_t10_16,leak,101,0.3,10,16,2,103,node,pressure,0.719580333333333,0.8086249999999993,-0.8086249999999993,36000.0
leak_101_sev30_t10_16,leak,101,0.3,10,16,3,109,node,pressure,0.5585763333333323,0.6189959999999957,-0.6189959999999957,36000.0
leak_101_sev30_t10_16,leak,101,0.3,10,16,4,105,node,pressure,0.42122083333333293,0.4747599999999963,-0.4747599999999963,36000.0
leak_101_sev30_t10_16,leak,101,0.3,10,16,5,10,node,pressure,0.2945367500000005,0.46109749999999994,-0.46109749999999994,36000.0
leak_101_sev30_t10_16,leak,101,0.3,10,16,6,107,node,pressure,0.40205333333333115,0.4522529999999989,-0.4522529999999989,36000.0
leak_101_sev30_t10_16,leak,101,0.3,10,16,7,115,node,pressure,0.24477766666666886,0.3143960000000021,-0.3143960000000021,36000.0
leak_101_sev30_t10_16,leak,101,0.3,10,16,8,111,node,pressure,0.25645766666666603,0.3044299999999964,-0.3044299999999964,36000.0
leak_101_sev30_t10_16,leak,101,0.3,10,16,9,113,node,pressure,0.213029,0.2903299999999973,-0.2903299999999973,36000.0
leak_101_sev30_t10_16,leak,101,0.3,10,16,10,197,node,pressure,0.1794246666666659,0.2777409999999989,-0.2777409999999989,36000.0
leak_101_sev30_t10_16,leak,101,0.3,10,16,11,263,node,pressure,0.23919916666666433,0.2753659999999982,-0.2753659999999982,36000.0
leak_101_sev30_t10_16,leak,101,0.3,10,16,12,261,node,pressure,0.22420466666666647,0.2708849999999998,-0.2708849999999998,36000.0
leak_101_sev30_t10_16,leak,101,0.3,10,16,13,117,node,pressure,0.2087296666666655,0.2686479999999989,-0.2686479999999989,36000.0
leak_101_sev30_t10_16,leak,101,0.3,10,16,14,191,node,pressure,0.14865616666666645,0.2685599999999937,-0.2685599999999937,36000.0
leak_101_sev30_t10_16,leak,101,0.3,10,16,15,193,node,pressure,0.14786633333333535,0.26466400000000334,-0.26466400000000334,36000.0
leak_101_sev30_t10_16,leak,101,0.3,10,16,16,195,node,pressure,0.14650333333333285,0.2627820000000014,-0.2627820000000014,36000.0
leak_101_sev30_t10_16,leak,101,0.3,10,16,17,267,node,pressure,0.1172321666666664,0.25391400000000175,-0.25391400000000175,36000.0
leak_101_sev30_t10_16,leak,101,0.3,10,16,18,259,node,pressure,0.2016561666666649,0.24510999999999683,-0.24510999999999683,36000.0
leak_101_sev30_t10_16,leak,101,0.3,10,16,19,257,node,pressure,0.19226699999999988,0.23755600000000499,-0.23755600000000499,36000.0
leak_101_sev30_t10_16,leak,101,0.3,10,16,20,187,node,pressure,0.10422066666666534,0.2352599999999967,-0.2352599999999967,36000.0
leak_101_sev30_t14_20,leak,101,0.3,14,20,1,101,node,pressure,0.503935333333331,0.8289979999999986,-0.8289979999999986,50400.0
leak_101_sev30_t14_20,leak,101,0.3,14,20,2,103,node,pressure,0.4848666666666664,0.7582149999999999,-0.7582149999999999,50400.0
leak_101_sev30_t14_20,leak,101,0.3,14,20,3,109,node,pressure,0.4396106666666668,0.565019999999997,-0.565019999999997,50400.0
leak_101_sev30_t14_20,leak,101,0.3,14,20,4,10,node,pressure,0.40859402000000006,0.47511517000000014,-0.47511517000000014,50400.0
leak_101_sev30_t14_20,leak,101,0.3,14,20,5,105,node,pressure,0.3470801666666657,0.4196099999999987,-0.4196099999999987,50400.0
leak_101_sev30_t14_20,leak,101,0.3,14,20,6,107,node,pressure,0.33883199999999886,0.39662299999999817,-0.39662299999999817,50400.0
leak_101_sev30_t14_20,leak,101,0.3,14,20,7,111,node,pressure,0.2889673333333332,0.35717799999999755,-0.35717799999999755,50400.0
leak_101_sev30_t14_20,leak,101,0.3,14,20,8,115,node,pressure,0.28922266666666613,0.3525099999999952,-0.3525099999999952,50400.0
leak_101_sev30_t14_20,leak,101,0.3,14,20,9,113,node,pressure,0.2673906666666686,0.3370300000000057,-0.3370300000000057,50400.0
leak_101_sev30_t14_20,leak,101,0.3,14,20,10,197,node,pressure,0.24219599999999866,0.3094599999999943,-0.3094599999999943,50400.0
leak_101_sev30_t14_20,leak,101,0.3,14,20,11,263,node,pressure,0.2511976666666674,0.29895799999999895,-0.29895799999999895,50400.0
leak_101_sev30_t14_20,leak,101,0.3,14,20,12,261,node,pressure,0.24454950000000034,0.2940850000000026,-0.2940850000000026,50400.0
leak_101_sev30_t14_20,leak,101,0.3,14,20,13,117,node,pressure,0.23991816666666566,0.2917939999999959,-0.2917939999999959,50400.0
leak_101_sev30_t14_20,leak,101,0.3,14,20,14,191,node,pressure,0.22436383333333274,0.2912099999999995,-0.2912099999999995,50400.0
leak_101_sev30_t14_20,leak,101,0.3,14,20,15,193,node,pressure,0.2214634999999999,0.28800199999999876,-0.28800199999999876,50400.0
leak_101_sev30_t14_20,leak,101,0.3,14,20,16,195,node,pressure,0.21948599999999985,0.28571499999999617,-0.28571499999999617,50400.0
leak_101_sev30_t14_20,leak,101,0.3,14,20,17,259,node,pressure,0.21654516666666623,0.2634520000000009,-0.2634520000000009,50400.0
leak_101_sev30_t14_20,leak,101,0.3,14,20,18,267,node,pressure,0.19909150000000153,0.260196999999998,-0.260196999999998,50400.0
leak_101_sev30_t14_20,leak,101,0.3,14,20,19,257,node,pressure,0.20788183333333285,0.2545739999999981,-0.2545739999999981,50400.0
leak_101_sev30_t14_20,leak,101,0.3,14,20,20,187,node,pressure,0.18085900000000166,0.24189700000000158,-0.24189700000000158,50400.0
leak_101_sev60_t06_12,leak,101,0.6,6,12,1,101,node,pressure,1.6769223333333347,1.704383,-1.704383,21600.0
leak_101_sev60_t06_12,leak,101,0.6,6,12,2,103,node,pressure,1.541128333333334,1.5685500000000019,-1.5685500000000019,21600.0
leak_101_sev60_t06_12,leak,101,0.6,6,12,3,109,node,pressure,1.173484166666667,1.2046589999999995,-1.2046589999999995,21600.0
leak_101_sev60_t06_12,leak,101,0.6,6,12,4,105,node,pressure,0.8779711666666662,0.9121239999999986,-0.9121239999999986,21600.0
leak_101_sev60_t06_12,leak,101,0.6,6,12,5,107,node,pressure,0.8357626666666675,0.870980000000003,-0.870980000000003,21600.0
leak_101_sev60_t06_12,leak,101,0.6,6,12,6,111,node,pressure,0.5203805000000005,0.5737869999999958,-0.5737869999999958,21600.0
leak_101_sev60_t06_12,leak,101,0.6,6,12,7,115,node,pressure,0.4838850000000008,0.5358439999999973,-0.5358439999999973,21600.0
leak_101_sev60_t06_12,leak,101,0.6,6,12,8,10,node,pressure,0.5195469999999999,0.5278240000000025,-0.5278240000000025,21600.0
leak_101_sev60_t06_12,leak,101,0.6,6,12,9,263,node,pressure,0.4726304999999999,0.5181460000000015,-0.5181460000000015,21600.0
leak_101_sev60_t06_12,leak,101,0.6,6,12,10,261,node,pressure,0.43805799999999806,0.4839839999999995,-0.4839839999999995,21600.0
leak_101_sev60_t06_12,leak,101,0.6,6,12,11,113,node,pressure,0.421964333333334,0.4811210000000017,-0.4811210000000017,21600.0
leak_101_sev60_t06_12,leak,101,0.6,6,12,12,259,node,pressure,0.40040666666666763,0.45230800000000215,-0.45230800000000215,21600.0
leak_101_sev60_t06_12,leak,101,0.6,6,12,13,117,node,pressure,0.3995551666666645,0.44438399999999945,-0.44438399999999945,21600.0
leak_101_sev60_t06_12,leak,101,0.6,6,12,14,257,node,pressure,0.38235199999999975,0.435851999999997,-0.435851999999997,21600.0
leak_101_sev60_t06_12,leak,101,0.6,6,12,15,197,node,pressure,0.34747933333333236,0.41196000000000055,-0.41196000000000055,21600.0
leak_101_sev60_t06_12,leak,101,0.6,6,12,16,191,node,pressure,0.2777341666666662,0.3469660000000019,-0.3469660000000019,21600.0
leak_101_sev60_t06_12,leak,101,0.6,6,12,17,193,node,pressure,0.27743883333333486,0.346816000000004,-0.346816000000004,21600.0
leak_101_sev60_t06_12,leak,101,0.6,6,12,18,195,node,pressure,0.2749591666666653,0.3445479999999961,-0.3445479999999961,21600.0
leak_101_sev60_t06_12,leak,101,0.6,6,12,19,120,node,pressure,0.2751038333333338,0.34031300000000186,-0.34031300000000186,21600.0
leak_101_sev60_t06_12,leak,101,0.6,6,12,20,267,node,pressure,0.20894716666666588,0.2854539999999943,-0.2854539999999943,21600.0
leak_101_sev60_t10_16,leak,101,0.6,10,16,1,101,node,pressure,1.543219333333333,1.7237280000000013,-1.7237280000000013,36000.0
leak_101_sev60_t10_16,leak,101,0.6,10,16,2,103,node,pressure,1.4260306666666658,1.5877079999999992,-1.5877079999999992,36000.0
leak_101_sev60_t10_16,leak,101,0.6,10,16,3,109,node,pressure,1.1057391666666672,1.2172249999999991,-1.2172249999999991,36000.0
leak_101_sev60_t10_16,leak,101,0.6,10,16,4,10,node,pressure,0.594528106666667,1.01279864,-1.01279864,36000.0
leak_101_sev60_t10_16,leak,101,0.6,10,16,5,105,node,pressure,0.8310911666666682,0.9300019999999947,-0.9300019999999947,36000.0
leak_101_sev60_t10_16,leak,101,0.6,10,16,6,107,node,pressure,0.7943523333333337,0.8864670000000032,-0.8864670000000032,36000.0
leak_101_sev60_t10_16,leak,101,0.6,10,16,7,115,node,pressure,0.4827388333333336,0.6267360000000011,-0.6267360000000011,36000.0
leak_101_sev60_t10_16,leak,101,0.6,10,16,8,111,node,pressure,0.5079183333333349,0.6053169999999994,-0.6053169999999994,36000.0
leak_101_sev60_t10_16,leak,101,0.6,10,16,9,263,node,pressure,0.4677004999999994,0.5692799999999991,-0.5692799999999991,36000.0
leak_101_sev60_t10_16,leak,101,0.6,10,16,10,113,node,pressure,0.42074133333333325,0.5670079999999942,-0.5670079999999942,36000.0
leak_101_sev60_t10_16,leak,101,0.6,10,16,11,197,node,pressure,0.35850733333333196,0.5619200000000006,-0.5619200000000006,36000.0
leak_101_sev60_t10_16,leak,101,0.6,10,16,12,261,node,pressure,0.4373393333333316,0.5578269999999961,-0.5578269999999961,36000.0
leak_101_sev60_t10_16,leak,101,0.6,10,16,13,117,node,pressure,0.4048316666666665,0.5512939999999986,-0.5512939999999986,36000.0
leak_101_sev60_t10_16,leak,101,0.6,10,16,14,191,node,pressure,0.298455166666668,0.5450799999999987,-0.5450799999999987,36000.0
leak_101_sev60_t10_16,leak,101,0.6,10,16,15,193,node,pressure,0.29576983333333473,0.5302849999999992,-0.5302849999999992,36000.0
leak_101_sev60_t10_16,leak,101,0.6,10,16,16,195,node,pressure,0.2931263333333334,0.5265419999999992,-0.5265419999999992,36000.0
leak_101_sev60_t10_16,leak,101,0.6,10,16,17,259,node,pressure,0.39647533333333246,0.5044949999999986,-0.5044949999999986,36000.0
leak_101_sev60_t10_16,leak,101,0.6,10,16,18,257,node,pressure,0.3786683333333336,0.4883039999999994,-0.4883039999999994,36000.0
leak_101_sev60_t10_16,leak,101,0.6,10,16,19,267,node,pressure,0.23276283333333225,0.4871830000000017,-0.4871830000000017,36000.0
leak_101_sev60_t10_16,leak,101,0.6,10,16,20,187,node,pressure,0.2120808333333327,0.48032500000000056,-0.48032500000000056,36000.0
leak_101_sev60_t14_20,leak,101,0.6,14,20,1,101,node,pressure,1.056454166666666,1.621223999999998,-1.621223999999998,50400.0
leak_101_sev60_t14_20,leak,101,0.6,14,20,2,103,node,pressure,1.019492666666667,1.482574999999997,-1.482574999999997,50400.0
leak_101_sev60_t14_20,leak,101,0.6,14,20,3,109,node,pressure,0.9045073333333326,1.1049739999999986,-1.1049739999999986,50400.0
leak_101_sev60_t14_20,leak,101,0.6,14,20,4,10,node,pressure,0.8699677699999997,0.99732514,-0.99732514,50400.0
leak_101_sev60_t14_20,leak,101,0.6,14,20,5,105,node,pressure,0.706970333333332,0.816122,-0.816122,50400.0
leak_101_sev60_t14_20,leak,101,0.6,14,20,6,107,node,pressure,0.6929863333333325,0.7715990000000019,-0.7715990000000019,50400.0
leak_101_sev60_t14_20,leak,101,0.6,14,20,7,115,node,pressure,0.5638460000000004,0.6826799999999977,-0.6826799999999977,50400.0
leak_101_sev60_t14_20,leak,101,0.6,14,20,8,111,node,pressure,0.555567166666665,0.6741369999999947,-0.6741369999999947,50400.0
leak_101_sev60_t14_20,leak,101,0.6,14,20,9,113,node,pressure,0.5089283333333334,0.6386370000000028,-0.6386370000000028,50400.0
leak_101_sev60_t14_20,leak,101,0.6,14,20,10,197,node,pressure,0.4775969999999994,0.6021849999999986,-0.6021849999999986,50400.0
leak_101_sev60_t14_20,leak,101,0.6,14,20,11,263,node,pressure,0.5020795000000007,0.5894320000000022,-0.5894320000000022,50400.0
leak_101_sev60_t14_20,leak,101,0.6,14,20,12,261,node,pressure,0.4875693333333319,0.5791929999999965,-0.5791929999999965,50400.0
leak_101_sev60_t14_20,leak,101,0.6,14,20,13,191,node,pressure,0.44768416666666627,0.5754469999999969,-0.5754469999999969,50400.0
leak_101_sev60_t14_20,leak,101,0.6,14,20,14,117,node,pressure,0.4770193333333334,0.5740020000000001,-0.5740020000000001,50400.0
leak_101_sev60_t14_20,leak,101,0.6,14,20,15,193,node,pressure,0.43856749999999894,0.5680839999999989,-0.5680839999999989,50400.0
leak_101_sev60_t14_20,leak,101,0.6,14,20,16,195,node,pressure,0.43477750000000154,0.5637949999999989,-0.5637949999999989,50400.0
leak_101_sev60_t14_20,leak,101,0.6,14,20,17,267,node,pressure,0.3945706666666666,0.5300820000000002,-0.5300820000000002,50400.0
leak_101_sev60_t14_20,leak,101,0.6,14,20,18,259,node,pressure,0.4330473333333333,0.5203759999999988,-0.5203759999999988,50400.0
leak_101_sev60_t14_20,leak,101,0.6,14,20,19,257,node,pressure,0.41579333333333207,0.5031089999999949,-0.5031089999999949,50400.0
leak_101_sev60_t14_20,leak,101,0.6,14,20,20,187,node,pressure,0.3684368333333315,0.4918169999999975,-0.4918169999999975,50400.0
leak_101_sev90_t06_12,leak,101,0.9,6,12,1,101,node,pressure,2.4497683333333335,2.4919530000000023,-2.4919530000000023,21600.0
leak_101_sev90_t06_12,leak,101,0.9,6,12,2,103,node,pressure,2.2506655,2.292864999999999,-2.292864999999999,21600.0
leak_101_sev90_t06_12,leak,101,0.9,6,12,3,109,node,pressure,1.712875499999999,1.760933999999999,-1.760933999999999,21600.0
leak_101_sev90_t06_12,leak,101,0.9,6,12,4,105,node,pressure,1.2705033333333329,1.3224640000000036,-1.3224640000000036,21600.0
leak_101_sev90_t06_12,leak,101,0.9,6,12,5,107,node,pressure,1.2094898333333337,1.2631240000000048,-1.2631240000000048,21600.0
leak_101_sev90_t06_12,leak,101,0.9,6,12,6,111,node,pressure,0.7625581666666671,0.8444749999999956,-0.8444749999999956,21600.0
leak_101_sev90_t06_12,leak,101,0.9,6,12,7,115,node,pressure,0.7030938333333339,0.7822800000000001,-0.7822800000000001,21600.0
leak_101_sev90_t06_12,leak,101,0.9,6,12,8,10,node,pressure,0.7586886666666673,0.771410000000003,-0.771410000000003,21600.0
leak_101_sev90_t06_12,leak,101,0.9,6,12,9,263,node,pressure,0.6730044999999999,0.7423209999999969,-0.7423209999999969,21600.0
leak_101_sev90_t06_12,leak,101,0.9,6,12,10,113,node,pressure,0.6185931666666692,0.709538000000002,-0.709538000000002,21600.0
leak_101_sev90_t06_12,leak,101,0.9,6,12,11,261,node,pressure,0.6209994999999999,0.6908260000000013,-0.6908260000000013,21600.0
leak_101_sev90_t06_12,leak,101,0.9,6,12,12,259,node,pressure,0.5740653333333334,0.6536290000000022,-0.6536290000000022,21600.0
leak_101_sev90_t06_12,leak,101,0.9,6,12,13,257,node,pressure,0.5493268333333331,0.6314470000000014,-0.6314470000000014,21600.0
leak_101_sev90_t06_12,leak,101,0.9,6,12,14,117,node,pressure,0.5595299999999975,0.626733999999999,-0.626733999999999,21600.0
leak_101_sev90_t06_12,leak,101,0.9,6,12,15,197,node,pressure,0.5110764999999979,0.6105749999999972,-0.6105749999999972,21600.0
leak_101_sev90_t06_12,leak,101,0.9,6,12,16,191,node,pressure,0.40967633333333237,0.516682000000003,-0.516682000000003,21600.0
leak_101_sev90_t06_12,leak,101,0.9,6,12,17,193,node,pressure,0.4092615000000019,0.5163360000000026,-0.5163360000000026,21600.0
leak_101_sev90_t06_12,leak,101,0.9,6,12,18,195,node,pressure,0.4057251666666654,0.5131399999999999,-0.5131399999999999,21600.0
leak_101_sev90_t06_12,leak,101,0.9,6,12,19,120,node,pressure,0.40677449999999976,0.5081559999999996,-0.5081559999999996,21600.0
leak_101_sev90_t06_12,leak,101,0.9,6,12,20,267,node,pressure,0.31098449999999883,0.42930999999999386,-0.42930999999999386,21600.0
leak_101_sev90_t10_16,leak,101,0.9,10,16,1,101,node,pressure,2.2910585000000006,2.530298000000002,-2.530298000000002,36000.0
leak_101_sev90_t10_16,leak,101,0.9,10,16,2,103,node,pressure,2.1173576666666674,2.330804999999998,-2.330804999999998,36000.0
leak_101_sev90_t10_16,leak,101,0.9,10,16,3,109,node,pressure,1.6413403333333345,1.7885999999999953,-1.7885999999999953,36000.0
leak_101_sev90_t10_16,leak,101,0.9,10,16,4,10,node,pressure,0.9036166450000004,1.68811087,-1.68811087,36000.0
leak_101_sev90_t10_16,leak,101,0.9,10,16,5,105,node,pressure,1.228544833333333,1.3598499999999945,-1.3598499999999945,36000.0
leak_101_sev90_t10_16,leak,101,0.9,10,16,6,107,node,pressure,1.1747656666666668,1.2968030000000041,-1.2968030000000041,36000.0
leak_101_sev90_t10_16,leak,101,0.9,10,16,7,115,node,pressure,0.7149956666666668,0.9746549999999985,-0.9746549999999985,36000.0
leak_101_sev90_t10_16,leak,101,0.9,10,16,8,111,node,pressure,0.7573893333333336,0.9475599999999957,-0.9475599999999957,36000.0
leak_101_sev90_t10_16,leak,101,0.9,10,16,9,263,node,pressure,0.6841020000000005,0.9050420000000017,-0.9050420000000017,36000.0
leak_101_sev90_t10_16,leak,101,0.9,10,16,10,261,node,pressure,0.6378306666666672,0.8838769999999982,-0.8838769999999982,36000.0
leak_101_sev90_t10_16,leak,101,0.9,10,16,11,113,node,pressure,0.6265790000000008,0.8723499999999973,-0.8723499999999973,36000.0
leak_101_sev90_t10_16,leak,101,0.9,10,16,12,117,node,pressure,0.5855939999999981,0.8707369999999983,-0.8707369999999983,36000.0
leak_101_sev90_t10_16,leak,101,0.9,10,16,13,197,node,pressure,0.5358393333333318,0.8601529999999968,-0.8601529999999968,36000.0
leak_101_sev90_t10_16,leak,101,0.9,10,16,14,191,node,pressure,0.4463323333333342,0.8228899999999939,-0.8228899999999939,36000.0
leak_101_sev90_t10_16,leak,101,0.9,10,16,15,193,node,pressure,0.4425946666666694,0.802418000000003,-0.802418000000003,36000.0
leak_101_sev90_t10_16,leak,101,0.9,10,16,16,259,node,pressure,0.5832709999999999,0.7969450000000009,-0.7969450000000009,36000.0
leak_101_sev90_t10_16,leak,101,0.9,10,16,17,195,node,pressure,0.4387716666666653,0.7967259999999996,-0.7967259999999996,36000.0
leak_101_sev90_t10_16,leak,101,0.9,10,16,18,257,node,pressure,0.5580616666666648,0.7699309999999997,-0.7699309999999997,36000.0
leak_101_sev90_t10_16,leak,101,0.9,10,16,19,187,node,pressure,0.32224400000000014,0.7324350000000024,-0.7324350000000024,36000.0
leak_101_sev90_t10_16,leak,101,0.9,10,16,20,267,node,pressure,0.3477719999999991,0.7140920000000008,-0.7140920000000008,36000.0
leak_101_sev90_t14_20,leak,101,0.9,14,20,1,101,node,pressure,1.6924080000000004,2.3692980000000006,-2.3692980000000006,50400.0
leak_101_sev90_t14_20,leak,101,0.9,14,20,2,103,node,pressure,1.6289065000000011,2.165852000000001,-2.165852000000001,50400.0
leak_101_sev90_t14_20,leak,101,0.9,14,20,3,10,node,pressure,1.4198245790000001,1.61300846,-1.61300846,50400.0
leak_101_sev90_t14_20,leak,101,0.9,14,20,4,109,node,pressure,1.422240000000001,1.6129770000000008,-1.6129770000000008,50400.0
leak_101_sev90_t14_20,leak,101,0.9,14,20,5,105,node,pressure,1.1170914999999997,1.182984999999995,-1.182984999999995,50400.0
leak_101_sev90_t14_20,leak,101,0.9,14,20,6,107,node,pressure,1.0944513333333343,1.1639070000000018,-1.1639070000000018,50400.0
leak_101_sev90_t14_20,leak,101,0.9,14,20,7,115,node,pressure,0.8502420000000003,1.0110169999999954,-1.0110169999999954,50400.0
leak_101_sev90_t14_20,leak,101,0.9,14,20,8,111,node,pressure,0.8369991666666662,0.9902949999999962,-0.9902949999999962,50400.0
leak_101_sev90_t14_20,leak,101,0.9,14,20,9,113,node,pressure,0.7566833333333337,0.9300340000000062,-0.9300340000000062,50400.0
leak_101_sev90_t14_20,leak,101,0.9,14,20,10,197,node,pressure,0.7201186666666667,0.9009629999999973,-0.9009629999999973,50400.0
leak_101_sev90_t14_20,leak,101,0.9,14,20,11,263,node,pressure,0.775418166666667,0.9003900000000016,-0.9003900000000016,50400.0
leak_101_sev90_t14_20,leak,101,0.9,14,20,12,261,node,pressure,0.7507733333333325,0.882041000000001,-0.882041000000001,50400.0
leak_101_sev90_t14_20,leak,101,0.9,14,20,13,117,node,pressure,0.7321201666666669,0.8715559999999982,-0.8715559999999982,50400.0
leak_101_sev90_t14_20,leak,101,0.9,14,20,14,191,node,pressure,0.672767999999999,0.8659940000000006,-0.8659940000000006,50400.0
leak_101_sev90_t14_20,leak,101,0.9,14,20,15,193,node,pressure,0.6565118333333319,0.848236,-0.848236,50400.0
leak_101_sev90_t14_20,leak,101,0.9,14,20,16,195,node,pressure,0.6509176666666671,0.8420050000000003,-0.8420050000000003,50400.0
leak_101_sev90_t14_20,leak,101,0.9,14,20,17,259,node,pressure,0.6673111666666655,0.7931230000000014,-0.7931230000000014,50400.0
leak_101_sev90_t14_20,leak,101,0.9,14,20,18,267,node,pressure,0.5765213333333344,0.7836459999999974,-0.7836459999999974,50400.0
leak_101_sev90_t14_20,leak,101,0.9,14,20,19,257,node,pressure,0.6402836666666675,0.7663039999999981,-0.7663039999999981,50400.0
leak_101_sev90_t14_20,leak,101,0.9,14,20,20,187,node,pressure,0.5613941666666674,0.7506410000000017,-0.7506410000000017,50400.0
leak_105_sev30_t06_12,leak,105,0.3,6,12,1,105,node,pressure,0.7134965000000003,0.7262139999999988,-0.7262139999999988,21600.0
leak_105_sev30_t06_12,leak,105,0.3,6,12,2,107,node,pressure,0.6653503333333338,0.6786630000000002,-0.6786630000000002,21600.0
leak_105_sev30_t06_12,leak,105,0.3,6,12,3,101,node,pressure,0.4405380000000025,0.4573530000000048,-0.4573530000000048,21600.0
leak_105_sev30_t06_12,leak,105,0.3,6,12,4,103,node,pressure,0.41894416666666956,0.43659500000000406,-0.43659500000000406,21600.0
leak_105_sev30_t06_12,leak,105,0.3,6,12,5,109,node,pressure,0.36025966666666537,0.3807380000000009,-0.3807380000000009,21600.0
leak_105_sev30_t06_12,leak,105,0.3,6,12,6,263,node,pressure,0.32742866666666615,0.35171599999999614,-0.35171599999999614,21600.0
leak_105_sev30_t06_12,leak,105,0.3,6,12,7,261,node,pressure,0.2932513333333328,0.318290999999995,-0.318290999999995,21600.0
leak_105_sev30_t06_12,leak,105,0.3,6,12,8,259,node,pressure,0.26713950000000014,0.29542299999999955,-0.29542299999999955,21600.0
leak_105_sev30_t06_12,leak,105,0.3,6,12,9,115,node,pressure,0.2645991666666667,0.292037999999998,-0.292037999999998,21600.0
leak_105_sev30_t06_12,leak,105,0.3,6,12,10,111,node,pressure,0.2551311666666673,0.2829669999999993,-0.2829669999999993,21600.0
leak_105_sev30_t06_12,leak,105,0.3,6,12,11,257,node,pressure,0.2520648333333331,0.2813499999999962,-0.2813499999999962,21600.0
leak_105_sev30_t06_12,leak,105,0.3,6,12,12,117,node,pressure,0.2503506666666671,0.2756520000000009,-0.2756520000000009,21600.0
leak_105_sev30_t06_12,leak,105,0.3,6,12,13,113,node,pressure,0.21346400000000187,0.24488500000000357,-0.24488500000000357,21600.0
leak_105_sev30_t06_12,leak,105,0.3,6,12,14,197,node,pressure,0.17539783333333267,0.21001299999999645,-0.21001299999999645,21600.0
leak_105_sev30_t06_12,leak,105,0.3,6,12,15,120,node,pressure,0.16802933333333434,0.20418000000000092,-0.20418000000000092,21600.0
leak_105_sev30_t06_12,leak,105,0.3,6,12,16,191,node,pressure,0.14321866666666594,0.18069900000000416,-0.18069900000000416,21600.0
leak_105_sev30_t06_12,leak,105,0.3,6,12,17,193,node,pressure,0.14305583333333516,0.18062600000000373,-0.18062600000000373,21600.0
leak_105_sev30_t06_12,leak,105,0.3,6,12,18,195,node,pressure,0.1418804999999992,0.17956600000000122,-0.17956600000000122,21600.0
leak_105_sev30_t06_12,leak,105,0.3,6,12,19,267,node,pressure,0.1100218333333333,0.15148699999999593,-0.15148699999999593,21600.0
leak_105_sev30_t06_12,leak,105,0.3,6,12,20,10,node,pressure,0.1365768333333334,0.14172900000000155,-0.14172900000000155,21600.0
leak_105_sev30_t10_16,leak,105,0.3,10,16,1,105,node,pressure,0.6563116666666673,0.7464999999999975,-0.7464999999999975,36000.0
leak_105_sev30_t10_16,leak,105,0.3,10,16,2,107,node,pressure,0.6147103333333325,0.6976629999999986,-0.6976629999999986,36000.0
leak_105_sev30_t10_16,leak,105,0.3,10,16,3,101,node,pressure,0.4154156666666656,0.4642149999999958,-0.4642149999999958,36000.0
leak_105_sev30_t10_16,leak,105,0.3,10,16,4,103,node,pressure,0.3961280000000009,0.4428300000000007,-0.4428300000000007,36000.0
leak_105_sev30_t10_16,leak,105,0.3,10,16,5,109,node,pressure,0.345834,0.38438000000000017,-0.38438000000000017,36000.0
leak_105_sev30_t10_16,leak,105,0.3,10,16,6,10,node,pressure,0.17101015000000022,0.3673728999999999,-0.3673728999999999,36000.0
leak_105_sev30_t10_16,leak,105,0.3,10,16,7,263,node,pressure,0.3143294999999995,0.35365699999999833,-0.35365699999999833,36000.0
leak_105_sev30_t10_16,leak,105,0.3,10,16,8,115,node,pressure,0.26259316666666876,0.34128600000000375,-0.34128600000000375,36000.0
leak_105_sev30_t10_16,leak,105,0.3,10,16,9,261,node,pressure,0.2845034999999996,0.3235820000000018,-0.3235820000000018,36000.0
leak_105_sev30_t10_16,leak,105,0.3,10,16,10,117,node,pressure,0.24811766666666676,0.31764400000000137,-0.31764400000000137,36000.0
leak_105_sev30_t10_16,leak,105,0.3,10,16,11,111,node,pressure,0.24770983333333282,0.2970199999999963,-0.2970199999999963,36000.0
leak_105_sev30_t10_16,leak,105,0.3,10,16,12,259,node,pressure,0.2570709999999998,0.29123500000000035,-0.29123500000000035,36000.0
leak_105_sev30_t10_16,leak,105,0.3,10,16,13,113,node,pressure,0.21147750000000087,0.28744999999999976,-0.28744999999999976,36000.0
leak_105_sev30_t10_16,leak,105,0.3,10,16,14,257,node,pressure,0.24275433333333277,0.2808339999999987,-0.2808339999999987,36000.0
leak_105_sev30_t10_16,leak,105,0.3,10,16,15,197,node,pressure,0.17757449999999864,0.2731679999999983,-0.2731679999999983,36000.0
leak_105_sev30_t10_16,leak,105,0.3,10,16,16,191,node,pressure,0.1495330000000005,0.2648499999999956,-0.2648499999999956,36000.0
leak_105_sev30_t10_16,leak,105,0.3,10,16,17,193,node,pressure,0.14892766666666782,0.2619669999999985,-0.2619669999999985,36000.0
leak_105_sev30_t10_16,leak,105,0.3,10,16,18,195,node,pressure,0.14768033333333244,0.2602759999999975,-0.2602759999999975,36000.0
leak_105_sev30_t10_16,leak,105,0.3,10,16,19,267,node,pressure,0.12026316666666521,0.25285000000000224,-0.25285000000000224,36000.0
leak_105_sev30_t10_16,leak,105,0.3,10,16,20,187,node,pressure,0.10766249999999881,0.23451200000000227,-0.23451200000000227,36000.0
leak_105_sev30_t14_20,leak,105,0.3,14,20,1,105,node,pressure,0.47822416666666595,0.6834539999999976,-0.6834539999999976,50400.0
leak_105_sev30_t14_20,leak,105,0.3,14,20,2,107,node,pressure,0.46269233333333304,0.6341290000000015,-0.6341290000000015,50400.0
leak_105_sev30_t14_20,leak,105,0.3,14,20,3,101,node,pressure,0.35494950000000003,0.40898500000000126,-0.40898500000000126,50400.0
leak_105_sev30_t14_20,leak,105,0.3,14,20,4,103,node,pressure,0.3458791666666663,0.3861129999999946,-0.3861129999999946,50400.0
leak_105_sev30_t14_20,leak,105,0.3,14,20,5,10,node,pressure,0.3079174999999998,0.3851207000000001,-0.3851207000000001,50400.0
leak_105_sev30_t14_20,leak,105,0.3,14,20,6,115,node,pressure,0.3113884999999996,0.3784519999999958,-0.3784519999999958,50400.0
leak_105_sev30_t14_20,leak,105,0.3,14,20,7,109,node,pressure,0.33063150000000024,0.3706060000000022,-0.3706060000000022,50400.0
leak_105_sev30_t14_20,leak,105,0.3,14,20,8,263,node,pressure,0.3044075000000011,0.3455160000000035,-0.3455160000000035,50400.0
leak_105_sev30_t14_20,leak,105,0.3,14,20,9,111,node,pressure,0.2743533333333327,0.33843499999999693,-0.33843499999999693,50400.0
leak_105_sev30_t14_20,leak,105,0.3,14,20,10,261,node,pressure,0.29123583333333275,0.3367950000000022,-0.3367950000000022,50400.0
leak_105_sev30_t14_20,leak,105,0.3,14,20,11,117,node,pressure,0.27967083333333304,0.3316119999999998,-0.3316119999999998,50400.0
leak_105_sev30_t14_20,leak,105,0.3,14,20,12,113,node,pressure,0.2561535000000023,0.3206400000000045,-0.3206400000000045,50400.0
leak_105_sev30_t14_20,leak,105,0.3,14,20,13,259,node,pressure,0.25686383333333396,0.29967599999999806,-0.29967599999999806,50400.0
leak_105_sev30_t14_20,leak,105,0.3,14,20,14,197,node,pressure,0.23098166666666486,0.29459499999999395,-0.29459499999999395,50400.0
leak_105_sev30_t14_20,leak,105,0.3,14,20,15,257,node,pressure,0.2449798333333343,0.288218999999998,-0.288218999999998,50400.0
leak_105_sev30_t14_20,leak,105,0.3,14,20,16,191,node,pressure,0.21438033333333215,0.2777979999999971,-0.2777979999999971,50400.0
leak_105_sev30_t14_20,leak,105,0.3,14,20,17,193,node,pressure,0.212019999999999,0.2750389999999996,-0.2750389999999996,50400.0
leak_105_sev30_t14_20,leak,105,0.3,14,20,18,195,node,pressure,0.21022183333333425,0.2729799999999969,-0.2729799999999969,50400.0
leak_105_sev30_t14_20,leak,105,0.3,14,20,19,267,node,pressure,0.19090466666666708,0.24915699999999674,-0.24915699999999674,50400.0
leak_105_sev30_t14_20,leak,105,0.3,14,20,20,187,node,pressure,0.17383433333333306,0.23247500000000088,-0.23247500000000088,50400.0
leak_105_sev60_t06_12,leak,105,0.6,6,12,1,105,node,pressure,1.3471146666666687,1.371407000000005,-1.371407000000005,21600.0
leak_105_sev60_t06_12,leak,105,0.6,6,12,2,107,node,pressure,1.2556685000000012,1.281240000000004,-1.281240000000004,21600.0
leak_105_sev60_t06_12,leak,105,0.6,6,12,3,101,node,pressure,0.8289056666666687,0.8622330000000034,-0.8622330000000034,21600.0
leak_105_sev60_t06_12,leak,105,0.6,6,12,4,103,node,pressure,0.788901333333334,0.8240400000000037,-0.8240400000000037,21600.0
leak_105_sev60_t06_12,leak,105,0.6,6,12,5,109,node,pressure,0.6802461666666654,0.721347999999999,-0.721347999999999,21600.0
leak_105_sev60_t06_12,leak,105,0.6,6,12,6,263,node,pressure,0.6184743333333339,0.6666710000000009,-0.6666710000000009,21600.0
leak_105_sev60_t06_12,leak,105,0.6,6,12,7,261,node,pressure,0.5534029999999994,0.603034000000001,-0.603034000000001,21600.0
leak_105_sev60_t06_12,leak,105,0.6,6,12,8,259,node,pressure,0.5090251666666651,0.5661009999999962,-0.5661009999999962,21600.0
leak_105_sev60_t06_12,leak,105,0.6,6,12,9,115,node,pressure,0.5032366666666649,0.5582039999999964,-0.5582039999999964,21600.0
leak_105_sev60_t06_12,leak,105,0.6,6,12,10,111,node,pressure,0.4858141666666664,0.541837000000001,-0.541837000000001,21600.0
leak_105_sev60_t06_12,leak,105,0.6,6,12,11,257,node,pressure,0.48166216666666745,0.5409499999999952,-0.5409499999999952,21600.0
leak_105_sev60_t06_12,leak,105,0.6,6,12,12,117,node,pressure,0.47010149999999723,0.519599999999997,-0.519599999999997,21600.0
leak_105_sev60_t06_12,leak,105,0.6,6,12,13,113,node,pressure,0.4081343333333341,0.4719049999999996,-0.4719049999999996,21600.0
leak_105_sev60_t06_12,leak,105,0.6,6,12,14,197,node,pressure,0.337205666666667,0.4079499999999996,-0.4079499999999996,21600.0
leak_105_sev60_t06_12,leak,105,0.6,6,12,15,120,node,pressure,0.33179483333333337,0.4066800000000015,-0.4066800000000015,21600.0
leak_105_sev60_t06_12,leak,105,0.6,6,12,16,191,node,pressure,0.277248166666664,0.3541719999999984,-0.3541719999999984,21600.0
leak_105_sev60_t06_12,leak,105,0.6,6,12,17,193,node,pressure,0.27698983333333516,0.35407299999999964,-0.35407299999999964,21600.0
leak_105_sev60_t06_12,leak,105,0.6,6,12,18,195,node,pressure,0.2748450000000003,0.35218499999999864,-0.35218499999999864,21600.0
leak_105_sev60_t06_12,leak,105,0.6,6,12,19,267,node,pressure,0.21577850000000018,0.30099499999999324,-0.30099499999999324,21600.0
leak_105_sev60_t06_12,leak,105,0.6,6,12,20,187,node,pressure,0.19377716666666464,0.28157999999999817,-0.28157999999999817,21600.0
leak_105_sev60_t10_16,leak,105,0.6,10,16,1,105,node,pressure,1.2571640000000006,1.4246999999999943,-1.4246999999999943,36000.0
leak_105_sev60_t10_16,leak,105,0.6,10,16,2,107,node,pressure,1.1772705000000012,1.3316569999999999,-1.3316569999999999,36000.0
leak_105_sev60_t10_16,leak,105,0.6,10,16,3,101,node,pressure,0.8002525000000015,0.8850410000000011,-0.8850410000000011,36000.0
leak_105_sev60_t10_16,leak,105,0.6,10,16,4,103,node,pressure,0.7650198333333323,0.8454329999999999,-0.8454329999999999,36000.0
leak_105_sev60_t10_16,leak,105,0.6,10,16,5,10,node,pressure,0.3394859916666666,0.7954909499999999,-0.7954909499999999,36000.0
leak_105_sev60_t10_16,leak,105,0.6,10,16,6,109,node,pressure,0.6691103333333324,0.7615049999999997,-0.7615049999999997,36000.0
leak_105_sev60_t10_16,leak,105,0.6,10,16,7,263,node,pressure,0.6036763333333338,0.6821470000000005,-0.6821470000000005,36000.0
leak_105_sev60_t10_16,leak,105,0.6,10,16,8,115,node,pressure,0.503565833333333,0.6608850000000004,-0.6608850000000004,36000.0
leak_105_sev60_t10_16,leak,105,0.6,10,16,9,261,node,pressure,0.5462616666666662,0.6535909999999987,-0.6535909999999987,36000.0
leak_105_sev60_t10_16,leak,105,0.6,10,16,10,117,node,pressure,0.4751008333333324,0.6380020000000002,-0.6380020000000002,36000.0
leak_105_sev60_t10_16,leak,105,0.6,10,16,11,111,node,pressure,0.4782035000000005,0.5914959999999994,-0.5914959999999994,36000.0
leak_105_sev60_t10_16,leak,105,0.6,10,16,12,259,node,pressure,0.4979559999999997,0.5892199999999974,-0.5892199999999974,36000.0
leak_105_sev60_t10_16,leak,105,0.6,10,16,13,257,node,pressure,0.4715243333333324,0.5676270000000017,-0.5676270000000017,36000.0
leak_105_sev60_t10_16,leak,105,0.6,10,16,14,113,node,pressure,0.40880733333333313,0.5631659999999954,-0.5631659999999954,36000.0
leak_105_sev60_t10_16,leak,105,0.6,10,16,15,197,node,pressure,0.34844683333333154,0.5539179999999959,-0.5539179999999959,36000.0
leak_105_sev60_t10_16,leak,105,0.6,10,16,16,191,node,pressure,0.2964106666666666,0.5401079999999965,-0.5401079999999965,36000.0
leak_105_sev60_t10_16,leak,105,0.6,10,16,17,193,node,pressure,0.29422766666666905,0.5281450000000021,-0.5281450000000021,36000.0
leak_105_sev60_t10_16,leak,105,0.6,10,16,18,195,node,pressure,0.2918921666666658,0.5247299999999981,-0.5247299999999981,36000.0
leak_105_sev60_t10_16,leak,105,0.6,10,16,19,267,node,pressure,0.2377453333333328,0.49132900000000035,-0.49132900000000035,36000.0
leak_105_sev60_t10_16,leak,105,0.6,10,16,20,187,node,pressure,0.21772383333333423,0.4800380000000004,-0.4800380000000004,36000.0
leak_105_sev60_t14_20,leak,105,0.6,14,20,1,105,node,pressure,0.9699363333333331,1.294473999999994,-1.294473999999994,50400.0
leak_105_sev60_t14_20,leak,105,0.6,14,20,2,107,node,pressure,0.9375895000000002,1.2005079999999992,-1.2005079999999992,50400.0
leak_105_sev60_t14_20,leak,105,0.6,14,20,3,101,node,pressure,0.7335928333333328,0.7906680000000037,-0.7906680000000037,50400.0
leak_105_sev60_t14_20,leak,105,0.6,14,20,4,10,node,pressure,0.6448831016666668,0.7906680000000001,-0.7906680000000001,50400.0
leak_105_sev60_t14_20,leak,105,0.6,14,20,5,103,node,pressure,0.7188338333333336,0.7806890000000024,-0.7806890000000024,50400.0
leak_105_sev60_t14_20,leak,105,0.6,14,20,6,109,node,pressure,0.6809210000000014,0.7607039999999969,-0.7607039999999969,50400.0
leak_105_sev60_t14_20,leak,105,0.6,14,20,7,115,node,pressure,0.5881734999999999,0.710409999999996,-0.710409999999996,50400.0
leak_105_sev60_t14_20,leak,105,0.6,14,20,8,263,node,pressure,0.6025576666666671,0.6812669999999983,-0.6812669999999983,50400.0
leak_105_sev60_t14_20,leak,105,0.6,14,20,9,261,node,pressure,0.5742974999999989,0.6612930000000006,-0.6612930000000006,50400.0
leak_105_sev60_t14_20,leak,105,0.6,14,20,10,117,node,pressure,0.5489565000000015,0.6479769999999974,-0.6479769999999974,50400.0
leak_105_sev60_t14_20,leak,105,0.6,14,20,11,111,node,pressure,0.5291016666666669,0.6461949999999987,-0.6461949999999987,50400.0
leak_105_sev60_t14_20,leak,105,0.6,14,20,12,113,node,pressure,0.4915015000000018,0.6184040000000053,-0.6184040000000053,50400.0
leak_105_sev60_t14_20,leak,105,0.6,14,20,13,259,node,pressure,0.5087343333333342,0.5908370000000005,-0.5908370000000005,50400.0
leak_105_sev60_t14_20,leak,105,0.6,14,20,14,197,node,pressure,0.45681616666666613,0.5788229999999999,-0.5788229999999999,50400.0
leak_105_sev60_t14_20,leak,105,0.6,14,20,15,257,node,pressure,0.4852798333333321,0.5682299999999998,-0.5682299999999998,50400.0
leak_105_sev60_t14_20,leak,105,0.6,14,20,16,191,node,pressure,0.42934916666666584,0.553531999999997,-0.553531999999997,50400.0
leak_105_sev60_t14_20,leak,105,0.6,14,20,17,193,node,pressure,0.4225710000000002,0.5480990000000006,-0.5480990000000006,50400.0
leak_105_sev60_t14_20,leak,105,0.6,14,20,18,195,node,pressure,0.4190915000000004,0.5441569999999984,-0.5441569999999984,50400.0
leak_105_sev60_t14_20,leak,105,0.6,14,20,19,267,node,pressure,0.3825025000000011,0.512008999999999,-0.512008999999999,50400.0
leak_105_sev60_t14_20,leak,105,0.6,14,20,20,187,node,pressure,0.3553773333333332,0.47532199999999847,-0.47532199999999847,50400.0
leak_105_sev90_t06_12,leak,105,0.9,6,12,1,105,node,pressure,1.8825955000000008,1.9247840000000025,-1.9247840000000025,21600.0
leak_105_sev90_t06_12,leak,105,0.9,6,12,2,107,node,pressure,1.753779333333334,1.7982160000000036,-1.7982160000000036,21600.0
leak_105_sev90_t06_12,leak,105,0.9,6,12,3,101,node,pressure,1.1557528333333345,1.2118129999999994,-1.2118129999999994,21600.0
leak_105_sev90_t06_12,leak,105,0.9,6,12,4,103,node,pressure,1.1008333333333364,1.1600000000000037,-1.1600000000000037,21600.0
leak_105_sev90_t06_12,leak,105,0.9,6,12,5,109,node,pressure,0.9517198333333354,1.0207540000000037,-1.0207540000000037,21600.0
leak_105_sev90_t06_12,leak,105,0.9,6,12,6,263,node,pressure,0.8627378333333328,0.9427060000000012,-0.9427060000000012,21600.0
leak_105_sev90_t06_12,leak,105,0.9,6,12,7,261,node,pressure,0.770670499999999,0.8532239999999973,-0.8532239999999973,21600.0
leak_105_sev90_t06_12,leak,105,0.9,6,12,8,259,node,pressure,0.7166903333333311,0.8083949999999973,-0.8083949999999973,21600.0
leak_105_sev90_t06_12,leak,105,0.9,6,12,9,115,node,pressure,0.7085138333333324,0.7998879999999957,-0.7998879999999957,21600.0
leak_105_sev90_t06_12,leak,105,0.9,6,12,10,111,node,pressure,0.6851241666666658,0.7775919999999985,-0.7775919999999985,21600.0
leak_105_sev90_t06_12,leak,105,0.9,6,12,11,257,node,pressure,0.680174166666666,0.7748149999999967,-0.7748149999999967,21600.0
leak_105_sev90_t06_12,leak,105,0.9,6,12,12,117,node,pressure,0.649673,0.7335220000000007,-0.7335220000000007,21600.0
leak_105_sev90_t06_12,leak,105,0.9,6,12,13,113,node,pressure,0.5786130000000019,0.6819550000000021,-0.6819550000000021,21600.0
leak_105_sev90_t06_12,leak,105,0.9,6,12,14,120,node,pressure,0.4850876666666662,0.5994949999999974,-0.5994949999999974,21600.0
leak_105_sev90_t06_12,leak,105,0.9,6,12,15,197,node,pressure,0.48146883333333196,0.5945269999999994,-0.5945269999999994,21600.0
leak_105_sev90_t06_12,leak,105,0.9,6,12,16,191,node,pressure,0.39932416666666626,0.5210119999999989,-0.5210119999999989,21600.0
leak_105_sev90_t06_12,leak,105,0.9,6,12,17,193,node,pressure,0.3990139999999999,0.5208629999999985,-0.5208629999999985,21600.0
leak_105_sev90_t06_12,leak,105,0.9,6,12,18,195,node,pressure,0.39613566666666716,0.518340000000002,-0.518340000000002,21600.0
leak_105_sev90_t06_12,leak,105,0.9,6,12,19,267,node,pressure,0.31549183333333514,0.44870699999999886,-0.44870699999999886,21600.0
leak_105_sev90_t06_12,leak,105,0.9,6,12,20,187,node,pressure,0.2847509999999988,0.421562999999999,-0.421562999999999,21600.0
leak_105_sev90_t10_16,leak,105,0.9,10,16,1,105,node,pressure,1.7883545000000005,2.0152219999999943,-2.0152219999999943,36000.0
leak_105_sev90_t10_16,leak,105,0.9,10,16,2,107,node,pressure,1.6744331666666668,1.8834760000000017,-1.8834760000000017,36000.0
leak_105_sev90_t10_16,leak,105,0.9,10,16,3,10,node,pressure,0.5108299666666665,1.3314908,-1.3314908,36000.0
leak_105_sev90_t10_16,leak,105,0.9,10,16,4,101,node,pressure,1.1543869999999998,1.3314889999999977,-1.3314889999999977,36000.0
leak_105_sev90_t10_16,leak,105,0.9,10,16,5,103,node,pressure,1.105309833333332,1.315343999999996,-1.315343999999996,36000.0
leak_105_sev90_t10_16,leak,105,0.9,10,16,6,109,node,pressure,0.9683803333333335,1.2465600000000023,-1.2465600000000023,36000.0
leak_105_sev90_t10_16,leak,105,0.9,10,16,7,263,node,pressure,0.8622298333333328,1.0468270000000004,-1.0468270000000004,36000.0
leak_105_sev90_t10_16,leak,105,0.9,10,16,8,261,node,pressure,0.7801534999999996,1.009769999999996,-1.009769999999996,36000.0
leak_105_sev90_t10_16,leak,105,0.9,10,16,9,115,node,pressure,0.7244230000000004,1.0063600000000008,-1.0063600000000008,36000.0
leak_105_sev90_t10_16,leak,105,0.9,10,16,10,117,node,pressure,0.6761694999999991,0.9818660000000037,-0.9818660000000037,36000.0
leak_105_sev90_t10_16,leak,105,0.9,10,16,11,111,node,pressure,0.692090333333334,0.9232340000000008,-0.9232340000000008,36000.0
leak_105_sev90_t10_16,leak,105,0.9,10,16,12,259,node,pressure,0.7175916666666661,0.9095900000000015,-0.9095900000000015,36000.0
leak_105_sev90_t10_16,leak,105,0.9,10,16,13,257,node,pressure,0.6814309999999999,0.8752840000000006,-0.8752840000000006,36000.0
leak_105_sev90_t10_16,leak,105,0.9,10,16,14,113,node,pressure,0.5939190000000009,0.8669459999999987,-0.8669459999999987,36000.0
leak_105_sev90_t10_16,leak,105,0.9,10,16,15,197,node,pressure,0.5105889999999983,0.8508110000000002,-0.8508110000000002,36000.0
leak_105_sev90_t10_16,leak,105,0.9,10,16,16,191,node,pressure,0.43729533333333376,0.8203119999999942,-0.8203119999999942,36000.0
leak_105_sev90_t10_16,leak,105,0.9,10,16,17,193,node,pressure,0.4340250000000007,0.8020700000000005,-0.8020700000000005,36000.0
leak_105_sev90_t10_16,leak,105,0.9,10,16,18,195,node,pressure,0.4307858333333314,0.7968249999999983,-0.7968249999999983,36000.0
leak_105_sev90_t10_16,leak,105,0.9,10,16,19,187,node,pressure,0.3285565000000001,0.7342349999999982,-0.7342349999999982,36000.0
leak_105_sev90_t10_16,leak,105,0.9,10,16,20,267,node,pressure,0.3520484999999975,0.7226169999999996,-0.7226169999999996,36000.0
leak_105_sev90_t14_20,leak,105,0.9,14,20,1,105,node,pressure,1.4780546666666652,1.8138669999999948,-1.8138669999999948,50400.0
leak_105_sev90_t14_20,leak,105,0.9,14,20,2,107,node,pressure,1.4262903333333317,1.6808359999999993,-1.6808359999999993,50400.0
leak_105_sev90_t14_20,leak,105,0.9,14,20,3,101,node,pressure,1.1795994999999995,1.2742270000000033,-1.2742270000000033,50400.0
leak_105_sev90_t14_20,leak,105,0.9,14,20,4,10,node,pressure,1.0557887733333333,1.2742245,-1.2742245,50400.0
leak_105_sev90_t14_20,leak,105,0.9,14,20,5,103,node,pressure,1.1558994999999996,1.2571480000000008,-1.2571480000000008,50400.0
leak_105_sev90_t14_20,leak,105,0.9,14,20,6,109,node,pressure,1.0769346666666664,1.1992720000000006,-1.1992720000000006,50400.0
leak_105_sev90_t14_20,leak,105,0.9,14,20,7,115,node,pressure,0.8658616666666674,1.0324169999999953,-1.0324169999999953,50400.0
leak_105_sev90_t14_20,leak,105,0.9,14,20,8,263,node,pressure,0.9068400000000013,1.0209159999999997,-1.0209159999999997,50400.0
leak_105_sev90_t14_20,leak,105,0.9,14,20,9,261,node,pressure,0.8624971666666651,0.9879529999999974,-0.9879529999999974,50400.0
leak_105_sev90_t14_20,leak,105,0.9,14,20,10,117,node,pressure,0.8219571666666674,0.9642759999999981,-0.9642759999999981,50400.0
leak_105_sev90_t14_20,leak,105,0.9,14,20,11,111,node,pressure,0.7924776666666679,0.951160999999999,-0.951160999999999,50400.0
leak_105_sev90_t14_20,leak,105,0.9,14,20,12,113,node,pressure,0.7297633333333357,0.9040370000000024,-0.9040370000000024,50400.0
leak_105_sev90_t14_20,leak,105,0.9,14,20,13,259,node,pressure,0.7659009999999995,0.8848279999999988,-0.8848279999999988,50400.0
leak_105_sev90_t14_20,leak,105,0.9,14,20,14,197,node,pressure,0.6902821666666649,0.8700449999999975,-0.8700449999999975,50400.0
leak_105_sev90_t14_20,leak,105,0.9,14,20,15,257,node,pressure,0.7306668333333342,0.8508029999999991,-0.8508029999999991,50400.0
leak_105_sev90_t14_20,leak,105,0.9,14,20,16,191,node,pressure,0.6494288333333328,0.8390539999999973,-0.8390539999999973,50400.0
leak_105_sev90_t14_20,leak,105,0.9,14,20,17,193,node,pressure,0.6355323333333326,0.8246120000000019,-0.8246120000000019,50400.0
leak_105_sev90_t14_20,leak,105,0.9,14,20,18,195,node,pressure,0.6303778333333329,0.8188150000000007,-0.8188150000000007,50400.0
leak_105_sev90_t14_20,leak,105,0.9,14,20,19,267,node,pressure,0.5638416666666674,0.7669679999999985,-0.7669679999999985,50400.0
leak_105_sev90_t14_20,leak,105,0.9,14,20,20,187,node,pressure,0.5447206666666666,0.7299229999999994,-0.7299229999999994,50400.0
leak_109_sev30_t06_12,leak,109,0.3,6,12,1,109,node,pressure,0.8495393333333338,0.8643879999999982,-0.8643879999999982,21600.0
leak_109_sev30_t06_12,leak,109,0.3,6,12,2,103,node,pressure,0.6626285000000015,0.6782530000000051,-0.6782530000000051,21600.0
leak_109_sev30_t06_12,leak,109,0.3,6,12,3,101,node,pressure,0.5940093333333358,0.6092380000000048,-0.6092380000000048,21600.0
leak_109_sev30_t06_12,leak,109,0.3,6,12,4,105,node,pressure,0.3648950000000018,0.38538000000000494,-0.38538000000000494,21600.0
leak_109_sev30_t06_12,leak,109,0.3,6,12,5,107,node,pressure,0.35599816666666584,0.3772030000000015,-0.3772030000000015,21600.0
leak_109_sev30_t06_12,leak,109,0.3,6,12,6,111,node,pressure,0.3202290000000012,0.3498570000000001,-0.3498570000000001,21600.0
leak_109_sev30_t06_12,leak,109,0.3,6,12,7,115,node,pressure,0.2812899999999985,0.3100469999999973,-0.3100469999999973,21600.0
leak_109_sev30_t06_12,leak,109,0.3,6,12,8,113,node,pressure,0.2550675000000003,0.2875349999999983,-0.2875349999999983,21600.0
leak_109_sev30_t06_12,leak,109,0.3,6,12,9,263,node,pressure,0.23712649999999869,0.26185999999999865,-0.26185999999999865,21600.0
leak_109_sev30_t06_12,leak,109,0.3,6,12,10,261,node,pressure,0.2274596666666658,0.2522739999999999,-0.2522739999999999,21600.0
leak_109_sev30_t06_12,leak,109,0.3,6,12,11,117,node,pressure,0.22103149999999872,0.2452559999999977,-0.2452559999999977,21600.0
leak_109_sev30_t06_12,leak,109,0.3,6,12,12,197,node,pressure,0.2096433333333323,0.24472699999999747,-0.24472699999999747,21600.0
leak_109_sev30_t06_12,leak,109,0.3,6,12,13,259,node,pressure,0.20554383333333467,0.23337300000000027,-0.23337300000000027,21600.0
leak_109_sev30_t06_12,leak,109,0.3,6,12,14,257,node,pressure,0.19764466666666536,0.22624599999999617,-0.22624599999999617,21600.0
leak_109_sev30_t06_12,leak,109,0.3,6,12,15,191,node,pressure,0.16502283333333168,0.20249199999999945,-0.20249199999999945,21600.0
leak_109_sev30_t06_12,leak,109,0.3,6,12,16,193,node,pressure,0.1647968333333362,0.20240600000000342,-0.20240600000000342,21600.0
leak_109_sev30_t06_12,leak,109,0.3,6,12,17,195,node,pressure,0.16319449999999827,0.20090599999999625,-0.20090599999999625,21600.0
leak_109_sev30_t06_12,leak,109,0.3,6,12,18,10,node,pressure,0.18414300000000003,0.18878400000000184,-0.18878400000000184,21600.0
leak_109_sev30_t06_12,leak,109,0.3,6,12,19,120,node,pressure,0.14549516666666662,0.17980000000000018,-0.17980000000000018,21600.0
leak_109_sev30_t06_12,leak,109,0.3,6,12,20,267,node,pressure,0.12133300000000109,0.16275399999999962,-0.16275399999999962,21600.0
leak_109_sev30_t10_16,leak,109,0.3,10,16,1,109,node,pressure,0.7667551666666661,0.8681999999999945,-0.8681999999999945,36000.0
leak_109_sev30_t10_16,leak,109,0.3,10,16,2,103,node,pressure,0.6117543333333337,0.6810550000000006,-0.6810550000000006,36000.0
leak_109_sev30_t10_16,leak,109,0.3,10,16,3,101,node,pressure,0.5539996666666672,0.6127249999999975,-0.6127249999999975,36000.0
leak_109_sev30_t10_16,leak,109,0.3,10,16,4,10,node,pressure,0.2223370166666666,0.44028010000000006,-0.44028010000000006,36000.0
leak_109_sev30_t10_16,leak,109,0.3,10,16,5,105,node,pressure,0.3468525000000007,0.38776199999999506,-0.38776199999999506,36000.0
leak_109_sev30_t10_16,leak,109,0.3,10,16,6,107,node,pressure,0.33851333333333383,0.377949000000001,-0.377949000000001,36000.0
leak_109_sev30_t10_16,leak,109,0.3,10,16,7,111,node,pressure,0.30207599999999957,0.32836000000000354,-0.32836000000000354,36000.0
leak_109_sev30_t10_16,leak,109,0.3,10,16,8,115,node,pressure,0.2719786666666681,0.31897700000000384,-0.31897700000000384,36000.0
leak_109_sev30_t10_16,leak,109,0.3,10,16,9,113,node,pressure,0.24639533333333338,0.299669999999999,-0.299669999999999,36000.0
leak_109_sev30_t10_16,leak,109,0.3,10,16,10,197,node,pressure,0.20703383333333272,0.2873179999999991,-0.2873179999999991,36000.0
leak_109_sev30_t10_16,leak,109,0.3,10,16,11,191,node,pressure,0.16902016666666717,0.2780269999999945,-0.2780269999999945,36000.0
leak_109_sev30_t10_16,leak,109,0.3,10,16,12,263,node,pressure,0.23119566666666694,0.27693700000000376,-0.27693700000000376,36000.0
leak_109_sev30_t10_16,leak,109,0.3,10,16,13,193,node,pressure,0.16818150000000168,0.27399400000000185,-0.27399400000000185,36000.0
leak_109_sev30_t10_16,leak,109,0.3,10,16,14,261,node,pressure,0.22265933333333265,0.27291100000000057,-0.27291100000000057,36000.0
leak_109_sev30_t10_16,leak,109,0.3,10,16,15,195,node,pressure,0.16656266666666633,0.27208000000000254,-0.27208000000000254,36000.0
leak_109_sev30_t10_16,leak,109,0.3,10,16,16,117,node,pressure,0.21734133333333241,0.27102000000000004,-0.27102000000000004,36000.0
leak_109_sev30_t10_16,leak,109,0.3,10,16,17,267,node,pressure,0.13106249999999875,0.2630920000000003,-0.2630920000000003,36000.0
leak_109_sev30_t10_16,leak,109,0.3,10,16,18,259,node,pressure,0.1998311666666659,0.2477969999999985,-0.2477969999999985,36000.0
leak_109_sev30_t10_16,leak,109,0.3,10,16,19,187,node,pressure,0.11594133333333308,0.24443499999999574,-0.24443499999999574,36000.0
leak_109_sev30_t10_16,leak,109,0.3,10,16,20,257,node,pressure,0.19198949999999945,0.2405159999999995,-0.2405159999999995,36000.0
leak_109_sev30_t14_20,leak,109,0.3,14,20,1,109,node,pressure,0.4929048333333341,0.80809,-0.80809,50400.0
leak_109_sev30_t14_20,leak,109,0.3,14,20,2,103,node,pressure,0.45298833333333377,0.6253969999999995,-0.6253969999999995,50400.0
leak_109_sev30_t14_20,leak,109,0.3,14,20,3,101,node,pressure,0.4358701666666664,0.5586860000000016,-0.5586860000000016,50400.0
leak_109_sev30_t14_20,leak,109,0.3,14,20,4,10,node,pressure,0.3716213166666668,0.4464983000000001,-0.4464983000000001,50400.0
leak_109_sev30_t14_20,leak,109,0.3,14,20,5,105,node,pressure,0.32411383333333293,0.3689540000000022,-0.3689540000000022,50400.0
leak_109_sev30_t14_20,leak,109,0.3,14,20,6,107,node,pressure,0.3188091666666679,0.3652670000000029,-0.3652670000000029,50400.0
leak_109_sev30_t14_20,leak,109,0.3,14,20,7,111,node,pressure,0.2999221666666673,0.3613280000000003,-0.3613280000000003,50400.0
leak_109_sev30_t14_20,leak,109,0.3,14,20,8,115,node,pressure,0.2916561666666671,0.3492199999999954,-0.3492199999999954,50400.0
leak_109_sev30_t14_20,leak,109,0.3,14,20,9,113,node,pressure,0.275746166666669,0.3410070000000047,-0.3410070000000047,50400.0
leak_109_sev30_t14_20,leak,109,0.3,14,20,10,197,node,pressure,0.24942716666666698,0.31318999999999875,-0.31318999999999875,50400.0
leak_109_sev30_t14_20,leak,109,0.3,14,20,11,263,node,pressure,0.24600583333333503,0.2949600000000032,-0.2949600000000032,50400.0
leak_109_sev30_t14_20,leak,109,0.3,14,20,12,191,node,pressure,0.230112333333332,0.2947849999999974,-0.2947849999999974,50400.0
leak_109_sev30_t14_20,leak,109,0.3,14,20,13,193,node,pressure,0.22712266666666517,0.2915320000000037,-0.2915320000000037,50400.0
leak_109_sev30_t14_20,leak,109,0.3,14,20,14,261,node,pressure,0.24100583333333248,0.2904009999999957,-0.2904009999999957,50400.0
leak_109_sev30_t14_20,leak,109,0.3,14,20,15,195,node,pressure,0.2250755000000003,0.2892099999999971,-0.2892099999999971,50400.0
leak_109_sev30_t14_20,leak,109,0.3,14,20,16,117,node,pressure,0.23870883333333262,0.28833499999999646,-0.28833499999999646,50400.0
leak_109_sev30_t14_20,leak,109,0.3,14,20,17,267,node,pressure,0.20334450000000004,0.2635039999999975,-0.2635039999999975,50400.0
leak_109_sev30_t14_20,leak,109,0.3,14,20,18,259,node,pressure,0.21350533333333152,0.2606180000000009,-0.2606180000000009,50400.0
leak_109_sev30_t14_20,leak,109,0.3,14,20,19,257,node,pressure,0.20538133333333283,0.2520359999999968,-0.2520359999999968,50400.0
leak_109_sev30_t14_20,leak,109,0.3,14,20,20,187,node,pressure,0.18456833333333358,0.24500700000000109,-0.24500700000000109,50400.0
leak_109_sev60_t06_12,leak,109,0.6,6,12,1,109,node,pressure,1.6583203333333347,1.6890410000000031,-1.6890410000000031,21600.0
leak_109_sev60_t06_12,leak,109,0.6,6,12,2,103,node,pressure,1.2849768333333351,1.3172800000000038,-1.3172800000000038,21600.0
leak_109_sev60_t06_12,leak,109,0.6,6,12,3,101,node,pressure,1.1481371666666682,1.1797070000000005,-1.1797070000000005,21600.0
leak_109_sev60_t06_12,leak,109,0.6,6,12,4,105,node,pressure,0.7018860000000006,0.7441980000000044,-0.7441980000000044,21600.0
leak_109_sev60_t06_12,leak,109,0.6,6,12,5,107,node,pressure,0.6861248333333343,0.7299059999999997,-0.7299059999999997,21600.0
leak_109_sev60_t06_12,leak,109,0.6,6,12,6,111,node,pressure,0.6408288333333326,0.701706999999999,-0.701706999999999,21600.0
leak_109_sev60_t06_12,leak,109,0.6,6,12,7,115,node,pressure,0.5539366666666675,0.6127339999999961,-0.6127339999999961,21600.0
leak_109_sev60_t06_12,leak,109,0.6,6,12,8,113,node,pressure,0.5092001666666685,0.5759590000000046,-0.5759590000000046,21600.0
leak_109_sev60_t06_12,leak,109,0.6,6,12,9,263,node,pressure,0.44927566666666746,0.5002899999999997,-0.5002899999999997,21600.0
leak_109_sev60_t06_12,leak,109,0.6,6,12,10,197,node,pressure,0.4191608333333339,0.49150000000000205,-0.49150000000000205,21600.0
leak_109_sev60_t06_12,leak,109,0.6,6,12,11,261,node,pressure,0.4294759999999975,0.4805909999999969,-0.4805909999999969,21600.0
leak_109_sev60_t06_12,leak,109,0.6,6,12,12,117,node,pressure,0.4140419999999973,0.46343799999999646,-0.46343799999999646,21600.0
leak_109_sev60_t06_12,leak,109,0.6,6,12,13,259,node,pressure,0.39219800000000166,0.4497300000000024,-0.4497300000000024,21600.0
leak_109_sev60_t06_12,leak,109,0.6,6,12,14,257,node,pressure,0.377925,0.43708999999999776,-0.43708999999999776,21600.0
leak_109_sev60_t06_12,leak,109,0.6,6,12,15,191,node,pressure,0.3297713333333334,0.4071010000000044,-0.4071010000000044,21600.0
leak_109_sev60_t06_12,leak,109,0.6,6,12,16,193,node,pressure,0.3293923333333358,0.4068060000000031,-0.4068060000000031,21600.0
leak_109_sev60_t06_12,leak,109,0.6,6,12,17,195,node,pressure,0.32625133333333284,0.40390000000000015,-0.40390000000000015,21600.0
leak_109_sev60_t06_12,leak,109,0.6,6,12,18,10,node,pressure,0.35581666666666695,0.365437,-0.365437,21600.0
leak_109_sev60_t06_12,leak,109,0.6,6,12,19,120,node,pressure,0.28553683333333524,0.3569400000000016,-0.3569400000000016,21600.0
leak_109_sev60_t06_12,leak,109,0.6,6,12,20,267,node,pressure,0.24387250000000074,0.3295439999999985,-0.3295439999999985,21600.0
leak_109_sev60_t10_16,leak,109,0.6,10,16,1,109,node,pressure,1.5138501666666653,1.7028999999999996,-1.7028999999999996,36000.0
leak_109_sev60_t10_16,leak,109,0.6,10,16,2,103,node,pressure,1.2027361666666654,1.3284850000000006,-1.3284850000000006,36000.0
leak_109_sev60_t10_16,leak,109,0.6,10,16,3,101,node,pressure,1.0870411666666655,1.1919779999999989,-1.1919779999999989,36000.0
leak_109_sev60_t10_16,leak,109,0.6,10,16,4,10,node,pressure,0.4450508066666667,0.94104484,-0.94104484,36000.0
leak_109_sev60_t10_16,leak,109,0.6,10,16,5,105,node,pressure,0.6786920000000004,0.7539959999999937,-0.7539959999999937,36000.0
leak_109_sev60_t10_16,leak,109,0.6,10,16,6,107,node,pressure,0.664258333333334,0.736538000000003,-0.736538000000003,36000.0
leak_109_sev60_t10_16,leak,109,0.6,10,16,7,111,node,pressure,0.6075569999999999,0.6650400000000047,-0.6650400000000047,36000.0
leak_109_sev60_t10_16,leak,109,0.6,10,16,8,115,node,pressure,0.5398095000000017,0.6373140000000035,-0.6373140000000035,36000.0
leak_109_sev60_t10_16,leak,109,0.6,10,16,9,113,node,pressure,0.4930955000000014,0.5875229999999974,-0.5875229999999974,36000.0
leak_109_sev60_t10_16,leak,109,0.6,10,16,10,197,node,pressure,0.41838433333333214,0.5833859999999973,-0.5833859999999973,36000.0
leak_109_sev60_t10_16,leak,109,0.6,10,16,11,263,node,pressure,0.4465685000000003,0.5668199999999999,-0.5668199999999999,36000.0
leak_109_sev60_t10_16,leak,109,0.6,10,16,12,191,node,pressure,0.3423266666666673,0.565889999999996,-0.565889999999996,36000.0
leak_109_sev60_t10_16,leak,109,0.6,10,16,13,261,node,pressure,0.428848166666666,0.5571449999999984,-0.5571449999999984,36000.0
leak_109_sev60_t10_16,leak,109,0.6,10,16,14,117,node,pressure,0.41585816666666514,0.5520259999999979,-0.5520259999999979,36000.0
leak_109_sev60_t10_16,leak,109,0.6,10,16,15,193,node,pressure,0.3394763333333349,0.550539999999998,-0.550539999999998,36000.0
leak_109_sev60_t10_16,leak,109,0.6,10,16,16,195,node,pressure,0.3362933333333338,0.5467179999999985,-0.5467179999999985,36000.0
leak_109_sev60_t10_16,leak,109,0.6,10,16,17,267,node,pressure,0.2626459999999966,0.5063899999999961,-0.5063899999999961,36000.0
leak_109_sev60_t10_16,leak,109,0.6,10,16,18,259,node,pressure,0.3885424999999998,0.5056969999999978,-0.5056969999999978,36000.0
leak_109_sev60_t10_16,leak,109,0.6,10,16,19,187,node,pressure,0.23749666666666633,0.5003279999999961,-0.5003279999999961,36000.0
leak_109_sev60_t10_16,leak,109,0.6,10,16,20,257,node,pressure,0.37403816666666617,0.4904210000000049,-0.4904210000000049,36000.0
leak_109_sev60_t14_20,leak,109,0.6,14,20,1,109,node,pressure,1.022671,1.575645999999999,-1.575645999999999,50400.0
leak_109_sev60_t14_20,leak,109,0.6,14,20,2,103,node,pressure,0.9344686666666663,1.211269999999999,-1.211269999999999,50400.0
leak_109_sev60_t14_20,leak,109,0.6,14,20,3,101,node,pressure,0.8971208333333335,1.0784179999999992,-1.0784179999999992,50400.0
leak_109_sev60_t14_20,leak,109,0.6,14,20,4,10,node,pressure,0.7730883816666666,0.9154278200000001,-0.9154278200000001,50400.0
leak_109_sev60_t14_20,leak,109,0.6,14,20,5,105,node,pressure,0.647610666666664,0.7196349999999967,-0.7196349999999967,50400.0
leak_109_sev60_t14_20,leak,109,0.6,14,20,6,107,node,pressure,0.6387778333333323,0.7119270000000029,-0.7119270000000029,50400.0
leak_109_sev60_t14_20,leak,109,0.6,14,20,7,111,node,pressure,0.580665333333331,0.6840519999999941,-0.6840519999999941,50400.0
leak_109_sev60_t14_20,leak,109,0.6,14,20,8,115,node,pressure,0.5703366666666684,0.6777259999999998,-0.6777259999999998,50400.0
leak_109_sev60_t14_20,leak,109,0.6,14,20,9,113,node,pressure,0.5273073333333352,0.6468580000000017,-0.6468580000000017,50400.0
leak_109_sev60_t14_20,leak,109,0.6,14,20,10,197,node,pressure,0.4942619999999991,0.6112169999999963,-0.6112169999999963,50400.0
leak_109_sev60_t14_20,leak,109,0.6,14,20,11,191,node,pressure,0.460910166666667,0.584229999999998,-0.584229999999998,50400.0
leak_109_sev60_t14_20,leak,109,0.6,14,20,12,263,node,pressure,0.4860333333333351,0.5765730000000033,-0.5765730000000033,50400.0
leak_109_sev60_t14_20,leak,109,0.6,14,20,13,193,node,pressure,0.4512694999999998,0.5763019999999983,-0.5763019999999983,50400.0
leak_109_sev60_t14_20,leak,109,0.6,14,20,14,195,node,pressure,0.44731483333333344,0.5719399999999979,-0.5719399999999979,50400.0
leak_109_sev60_t14_20,leak,109,0.6,14,20,15,261,node,pressure,0.47541016666666636,0.5677099999999982,-0.5677099999999982,50400.0
leak_109_sev60_t14_20,leak,109,0.6,14,20,16,117,node,pressure,0.4699176666666662,0.5635729999999981,-0.5635729999999981,50400.0
leak_109_sev60_t14_20,leak,109,0.6,14,20,17,267,node,pressure,0.40380166666666756,0.5378720000000001,-0.5378720000000001,50400.0
leak_109_sev60_t14_20,leak,109,0.6,14,20,18,259,node,pressure,0.42262966666666674,0.5111139999999992,-0.5111139999999992,50400.0
leak_109_sev60_t14_20,leak,109,0.6,14,20,19,187,node,pressure,0.37700983333333227,0.4995309999999975,-0.4995309999999975,50400.0
leak_109_sev60_t14_20,leak,109,0.6,14,20,20,257,node,pressure,0.406781166666665,0.4947559999999953,-0.4947559999999953,50400.0
leak_109_sev90_t06_12,leak,109,0.9,6,12,1,109,node,pressure,2.4166961666666666,2.4649009999999976,-2.4649009999999976,21600.0
leak_109_sev90_t06_12,leak,109,0.9,6,12,2,103,node,pressure,1.8599120000000013,1.9105899999999991,-1.9105899999999991,21600.0
leak_109_sev90_t06_12,leak,109,0.9,6,12,3,101,node,pressure,1.656142333333334,1.7058230000000023,-1.7058230000000023,21600.0
leak_109_sev90_t06_12,leak,109,0.9,6,12,4,105,node,pressure,1.0054198333333357,1.0718000000000032,-1.0718000000000032,21600.0
leak_109_sev90_t06_12,leak,109,0.9,6,12,5,107,node,pressure,0.9847985000000014,1.0534340000000029,-1.0534340000000029,21600.0
leak_109_sev90_t06_12,leak,109,0.9,6,12,6,111,node,pressure,0.9561741666666682,1.050609999999999,-1.050609999999999,21600.0
leak_109_sev90_t06_12,leak,109,0.9,6,12,7,115,node,pressure,0.811944833333334,0.9030109999999993,-0.9030109999999993,21600.0
leak_109_sev90_t06_12,leak,109,0.9,6,12,8,113,node,pressure,0.7578110000000015,0.8610919999999993,-0.8610919999999993,21600.0
leak_109_sev90_t06_12,leak,109,0.9,6,12,9,197,node,pressure,0.6247848333333318,0.7365999999999957,-0.7365999999999957,21600.0
leak_109_sev90_t06_12,leak,109,0.9,6,12,10,263,node,pressure,0.6319183333333337,0.711821999999998,-0.711821999999998,21600.0
leak_109_sev90_t06_12,leak,109,0.9,6,12,11,261,node,pressure,0.601429166666667,0.6814579999999992,-0.6814579999999992,21600.0
leak_109_sev90_t06_12,leak,109,0.9,6,12,12,117,node,pressure,0.5730753333333318,0.6498279999999994,-0.6498279999999994,21600.0
leak_109_sev90_t06_12,leak,109,0.9,6,12,13,259,node,pressure,0.5562211666666682,0.6460930000000005,-0.6460930000000005,21600.0
leak_109_sev90_t06_12,leak,109,0.9,6,12,14,257,node,pressure,0.5372931666666668,0.6296579999999992,-0.6296579999999992,21600.0
leak_109_sev90_t06_12,leak,109,0.9,6,12,15,191,node,pressure,0.4912376666666655,0.6106300000000005,-0.6106300000000005,21600.0
leak_109_sev90_t06_12,leak,109,0.9,6,12,16,193,node,pressure,0.490525666666669,0.6097660000000005,-0.6097660000000005,21600.0
leak_109_sev90_t06_12,leak,109,0.9,6,12,17,195,node,pressure,0.48596633333333256,0.6056069999999991,-0.6056069999999991,21600.0
leak_109_sev90_t06_12,leak,109,0.9,6,12,18,120,node,pressure,0.41870466666666556,0.5301749999999998,-0.5301749999999998,21600.0
leak_109_sev90_t06_12,leak,109,0.9,6,12,19,10,node,pressure,0.5131126666666663,0.5282669999999996,-0.5282669999999996,21600.0
leak_109_sev90_t06_12,leak,109,0.9,6,12,20,267,node,pressure,0.3660680000000009,0.49894299999999703,-0.49894299999999703,21600.0
leak_109_sev90_t10_16,leak,109,0.9,10,16,1,109,node,pressure,2.2388758333333327,2.493713999999997,-2.493713999999997,36000.0
leak_109_sev90_t10_16,leak,109,0.9,10,16,2,103,node,pressure,1.7725503333333321,1.9346999999999994,-1.9346999999999994,36000.0
leak_109_sev90_t10_16,leak,109,0.9,10,16,3,101,node,pressure,1.5994433333333333,1.731181999999997,-1.731181999999997,36000.0
leak_109_sev90_t10_16,leak,109,0.9,10,16,4,10,node,pressure,0.6721307010000004,1.535906206,-1.535906206,36000.0
leak_109_sev90_t10_16,leak,109,0.9,10,16,5,105,node,pressure,0.9961556666666667,1.1555900000000037,-1.1555900000000037,36000.0
leak_109_sev90_t10_16,leak,109,0.9,10,16,6,107,node,pressure,0.9768661666666674,1.145747,-1.145747,36000.0
leak_109_sev90_t10_16,leak,109,0.9,10,16,7,111,node,pressure,0.9191476666666686,1.0028060000000067,-1.0028060000000067,36000.0
leak_109_sev90_t10_16,leak,109,0.9,10,16,8,115,node,pressure,0.804866166666668,0.9940380000000033,-0.9940380000000033,36000.0
leak_109_sev90_t10_16,leak,109,0.9,10,16,9,113,node,pressure,0.7431053333333324,0.9062369999999973,-0.9062369999999973,36000.0
leak_109_sev90_t10_16,leak,109,0.9,10,16,10,197,node,pressure,0.6318398333333329,0.8955279999999988,-0.8955279999999988,36000.0
leak_109_sev90_t10_16,leak,109,0.9,10,16,11,263,node,pressure,0.6467374999999992,0.8947700000000012,-0.8947700000000012,36000.0
leak_109_sev90_t10_16,leak,109,0.9,10,16,12,261,node,pressure,0.6190829999999986,0.8775249999999986,-0.8775249999999986,36000.0
leak_109_sev90_t10_16,leak,109,0.9,10,16,13,117,node,pressure,0.5950783333333322,0.8677500000000009,-0.8677500000000009,36000.0
leak_109_sev90_t10_16,leak,109,0.9,10,16,14,191,node,pressure,0.5158999999999997,0.8562499999999957,-0.8562499999999957,36000.0
leak_109_sev90_t10_16,leak,109,0.9,10,16,15,193,node,pressure,0.5117811666666666,0.8350999999999971,-0.8350999999999971,36000.0
leak_109_sev90_t10_16,leak,109,0.9,10,16,16,195,node,pressure,0.5071173333333346,0.8292500000000018,-0.8292500000000018,36000.0
leak_109_sev90_t10_16,leak,109,0.9,10,16,17,259,node,pressure,0.5664748333333319,0.7939799999999977,-0.7939799999999977,36000.0
leak_109_sev90_t10_16,leak,109,0.9,10,16,18,257,node,pressure,0.5464096666666656,0.7687910000000002,-0.7687910000000002,36000.0
leak_109_sev90_t10_16,leak,109,0.9,10,16,19,187,node,pressure,0.3632340000000009,0.7647779999999997,-0.7647779999999997,36000.0
leak_109_sev90_t10_16,leak,109,0.9,10,16,20,267,node,pressure,0.3956794999999976,0.7445669999999964,-0.7445669999999964,36000.0
leak_109_sev90_t14_20,leak,109,0.9,14,20,1,109,node,pressure,1.620188166666665,2.2941299999999956,-2.2941299999999956,50400.0
leak_109_sev90_t14_20,leak,109,0.9,14,20,2,103,node,pressure,1.4760388333333332,1.7518389999999968,-1.7518389999999968,50400.0
leak_109_sev90_t14_20,leak,109,0.9,14,20,3,101,node,pressure,1.4158515000000012,1.5543830000000014,-1.5543830000000014,50400.0
leak_109_sev90_t14_20,leak,109,0.9,14,20,4,10,node,pressure,1.2370571066666665,1.4449164,-1.4449164,50400.0
leak_109_sev90_t14_20,leak,109,0.9,14,20,5,105,node,pressure,1.0083078333333333,1.1059339999999978,-1.1059339999999978,50400.0
leak_109_sev90_t14_20,leak,109,0.9,14,20,6,107,node,pressure,0.9959666666666666,1.0963709999999978,-1.0963709999999978,50400.0
leak_109_sev90_t14_20,leak,109,0.9,14,20,7,111,node,pressure,0.8811463333333324,1.0098919999999936,-1.0098919999999936,50400.0
leak_109_sev90_t14_20,leak,109,0.9,14,20,8,115,node,pressure,0.8637006666666677,1.0076520000000002,-1.0076520000000002,50400.0
leak_109_sev90_t14_20,leak,109,0.9,14,20,9,113,node,pressure,0.7879375000000017,0.9449500000000057,-0.9449500000000057,50400.0
leak_109_sev90_t14_20,leak,109,0.9,14,20,10,197,node,pressure,0.748609333333332,0.9175649999999962,-0.9175649999999962,50400.0
leak_109_sev90_t14_20,leak,109,0.9,14,20,11,191,node,pressure,0.6947829999999998,0.8811999999999998,-0.8811999999999998,50400.0
leak_109_sev90_t14_20,leak,109,0.9,14,20,12,263,node,pressure,0.7440428333333339,0.8730100000000007,-0.8730100000000007,50400.0
leak_109_sev90_t14_20,leak,109,0.9,14,20,13,193,node,pressure,0.6778189999999972,0.8624459999999985,-0.8624459999999985,50400.0
leak_109_sev90_t14_20,leak,109,0.9,14,20,14,261,node,pressure,0.7262224999999987,0.8581689999999966,-0.8581689999999966,50400.0
leak_109_sev90_t14_20,leak,109,0.9,14,20,15,195,node,pressure,0.6719460000000007,0.8560799999999986,-0.8560799999999986,50400.0
leak_109_sev90_t14_20,leak,109,0.9,14,20,16,117,node,pressure,0.7159618333333325,0.8505639999999985,-0.8505639999999985,50400.0
leak_109_sev90_t14_20,leak,109,0.9,14,20,17,267,node,pressure,0.5914773333333324,0.7957419999999971,-0.7957419999999971,50400.0
leak_109_sev90_t14_20,leak,109,0.9,14,20,18,259,node,pressure,0.6462118333333334,0.7733500000000006,-0.7733500000000006,50400.0
leak_109_sev90_t14_20,leak,109,0.9,14,20,19,187,node,pressure,0.5761320000000012,0.7641330000000011,-0.7641330000000011,50400.0
leak_109_sev90_t14_20,leak,109,0.9,14,20,20,257,node,pressure,0.6217544999999992,0.7484359999999981,-0.7484359999999981,50400.0
pump_failure_10_sev100_t08_14,pump_failure,10,1.0,8,14,1,10,node,pressure,23.644565762,28.874134222000002,-28.874134222000002,32400.0
pump_failure_10_sev100_t08_14,pump_failure,10,1.0,8,14,2,61,node,pressure,8.84720233333333,26.43454,26.43454,32400.0
pump_failure_10_sev100_t08_14,pump_failure,10,1.0,8,14,3,601,node,pressure,8.847076333333336,26.43419,26.43419,32400.0
pump_failure_10_sev100_t08_14,pump_failure,10,1.0,8,14,4,101,node,pressure,7.860746666666667,9.822969,-9.822969,32400.0
pump_failure_10_sev100_t08_14,pump_failure,10,1.0,8,14,5,103,node,pressure,7.267378833333336,9.105380000000004,-9.105380000000004,32400.0
pump_failure_10_sev100_t08_14,pump_failure,10,1.0,8,14,6,109,node,pressure,5.783687833333334,7.332414,-7.332414,32400.0
pump_failure_10_sev100_t08_14,pump_failure,10,1.0,8,14,7,105,node,pressure,4.7806706666666665,6.17004,-6.17004,32400.0
pump_failure_10_sev100_t08_14,pump_failure,10,1.0,8,14,8,107,node,pressure,4.606588833333333,5.960962000000002,-5.960962000000002,32400.0
pump_failure_10_sev100_t08_14,pump_failure,10,1.0,8,14,9,111,node,pressure,3.4791825000000003,4.599387,-4.599387,32400.0
pump_failure_10_sev100_t08_14,pump_failure,10,1.0,8,14,10,115,node,pressure,3.352305,4.479548999999999,-4.479548999999999,32400.0
pump_failure_10_sev100_t08_14,pump_failure,10,1.0,8,14,11,263,node,pressure,3.0614296666666667,4.182705999999996,-4.182705999999996,32400.0
pump_failure_10_sev100_t08_14,pump_failure,10,1.0,8,14,12,261,node,pressure,2.924978833333332,4.024223999999997,-4.024223999999997,32400.0
pump_failure_10_sev100_t08_14,pump_failure,10,1.0,8,14,13,113,node,pressure,2.9538138333333337,3.975245000000001,-3.975245000000001,32400.0
pump_failure_10_sev100_t08_14,pump_failure,10,1.0,8,14,14,117,node,pressure,2.770661499999998,3.8424399999999963,-3.8424399999999963,32400.0
pump_failure_10_sev100_t08_14,pump_failure,10,1.0,8,14,15,259,node,pressure,2.570623666666666,3.620962999999996,-3.620962999999996,32400.0
pump_failure_10_sev100_t08_14,pump_failure,10,1.0,8,14,16,257,node,pressure,2.447921666666666,3.4805259999999976,-3.4805259999999976,32400.0
pump_failure_10_sev100_t08_14,pump_failure,10,1.0,8,14,17,197,node,pressure,2.527395,3.4757180000000005,-3.4757180000000005,32400.0
pump_failure_10_sev100_t08_14,pump_failure,10,1.0,8,14,18,191,node,pressure,2.1519593333333327,3.0351789999999994,-3.0351789999999994,32400.0
pump_failure_10_sev100_t08_14,pump_failure,10,1.0,8,14,19,193,node,pressure,2.1318935000000017,3.009605999999998,-3.009605999999998,32400.0
pump_failure_10_sev100_t08_14,pump_failure,10,1.0,8,14,20,195,node,pressure,2.1138371666666664,2.988819999999997,-2.988819999999997,32400.0
pump_failure_10_sev100_t12_18,pump_failure,10,1.0,12,18,1,10,node,pressure,9.696375801666667,28.2534867,-28.2534867,46800.0
pump_failure_10_sev100_t12_18,pump_failure,10,1.0,12,18,2,61,node,pressure,4.464017333333335,26.544830000000005,26.544830000000005,46800.0
pump_failure_10_sev100_t12_18,pump_failure,10,1.0,12,18,3,601,node,pressure,4.463948499999998,26.544472,26.544472,46800.0
pump_failure_10_sev100_t12_18,pump_failure,10,1.0,12,18,4,101,node,pressure,3.4104483333333313,9.487704999999998,-9.487704999999998,46800.0
pump_failure_10_sev100_t12_18,pump_failure,10,1.0,12,18,5,103,node,pressure,3.1733693333333335,8.782016999999996,-8.782016999999996,46800.0
pump_failure_10_sev100_t12_18,pump_failure,10,1.0,12,18,6,109,node,pressure,2.5729001666666655,6.976566999999996,-6.976566999999996,46800.0
pump_failure_10_sev100_t12_18,pump_failure,10,1.0,12,18,7,105,node,pressure,2.1751706666666664,5.737614999999998,-5.737614999999998,46800.0
pump_failure_10_sev100_t12_18,pump_failure,10,1.0,12,18,8,107,node,pressure,2.1040889999999997,5.524892999999999,-5.524892999999999,46800.0
pump_failure_10_sev100_t12_18,pump_failure,10,1.0,12,18,9,111,node,pressure,1.6170100000000016,4.069358000000001,-4.069358000000001,46800.0
pump_failure_10_sev100_t12_18,pump_failure,10,1.0,12,18,10,115,node,pressure,1.5783011666666684,3.923679,-3.923679,46800.0
pump_failure_10_sev100_t12_18,pump_failure,10,1.0,12,18,11,263,node,pressure,1.507928166666666,3.6684369999999973,-3.6684369999999973,46800.0
pump_failure_10_sev100_t12_18,pump_failure,10,1.0,12,18,12,261,node,pressure,1.4540274999999998,3.502299999999998,-3.502299999999998,46800.0
pump_failure_10_sev100_t12_18,pump_failure,10,1.0,12,18,13,113,node,pressure,1.4013993333333339,3.425522000000001,-3.425522000000001,46800.0
pump_failure_10_sev100_t12_18,pump_failure,10,1.0,12,18,14,117,node,pressure,1.392248166666666,3.3151539999999997,-3.3151539999999997,46800.0
pump_failure_10_sev100_t12_18,pump_failure,10,1.0,12,18,15,259,node,pressure,1.3318340000000006,3.1148680000000013,-3.1148680000000013,46800.0
pump_failure_10_sev100_t12_18,pump_failure,10,1.0,12,18,16,257,node,pressure,1.2878111666666665,2.976478,-2.976478,46800.0
pump_failure_10_sev100_t12_18,pump_failure,10,1.0,12,18,17,197,node,pressure,1.2234339999999986,2.8980069999999998,-2.8980069999999998,46800.0
pump_failure_10_sev100_t12_18,pump_failure,10,1.0,12,18,18,191,node,pressure,1.0675669999999993,2.432423,-2.432423,46800.0
pump_failure_10_sev100_t12_18,pump_failure,10,1.0,12,18,19,193,node,pressure,1.0606946666666666,2.4126779999999997,-2.4126779999999997,46800.0
pump_failure_10_sev100_t12_18,pump_failure,10,1.0,12,18,20,195,node,pressure,1.054178166666669,2.3925839999999994,-2.3925839999999994,46800.0
blockage_103_sev100_t08_14,blockage,103,1.0,8,14,1,101,node,pressure,9.848666333333332,9.871406999999998,9.871406999999998,28800.0
blockage_103_sev100_t08_14,blockage,103,1.0,8,14,2,103,node,pressure,6.984184000000002,7.138534,-7.138534,28800.0
blockage_103_sev100_t08_14,blockage,103,1.0,8,14,3,109,node,pressure,5.1802535,5.326260000000005,-5.326260000000005,28800.0
blockage_103_sev100_t08_14,blockage,103,1.0,8,14,4,105,node,pressure,3.440395833333332,3.5520250000000004,3.5520250000000004,28800.0
blockage_103_sev100_t08_14,blockage,103,1.0,8,14,5,107,node,pressure,2.963831000000001,3.0848280000000017,3.0848280000000017,28800.0
blockage_103_sev100_t08_14,blockage,103,1.0,8,14,6,10,node,pressure,3.0721955,3.079590000000003,3.079590000000003,28800.0
blockage_103_sev100_t08_14,blockage,103,1.0,8,14,7,111,node,pressure,2.2288091666666645,2.354625999999996,-2.354625999999996,28800.0
blockage_103_sev100_t08_14,blockage,103,1.0,8,14,8,113,node,pressure,1.6669138333333333,1.8018259999999984,-1.8018259999999984,28800.0
blockage_103_sev100_t08_14,blockage,103,1.0,8,14,9,197,node,pressure,1.3526493333333331,1.4968649999999997,-1.4968649999999997,28800.0
blockage_103_sev100_t08_14,blockage,103,1.0,8,14,10,115,node,pressure,1.1888180000000002,1.3145969999999991,-1.3145969999999991,28800.0
blockage_103_sev100_t08_14,blockage,103,1.0,8,14,11,191,node,pressure,1.0023375000000005,1.1538049999999984,-1.1538049999999984,28800.0
blockage_103_sev100_t08_14,blockage,103,1.0,8,14,12,193,node,pressure,0.9899606666666685,1.1418500000000051,-1.1418500000000051,28800.0
blockage_103_sev100_t08_14,blockage,103,1.0,8,14,13,195,node,pressure,0.9782780000000008,1.1302550000000053,-1.1302550000000053,28800.0
blockage_103_sev100_t08_14,blockage,103,1.0,8,14,14,267,node,pressure,0.6782556666666638,0.8391759999999948,-0.8391759999999948,28800.0
blockage_103_sev100_t08_14,blockage,103,1.0,8,14,15,187,node,pressure,0.5872750000000005,0.7541500000000028,-0.7541500000000028,28800.0
blockage_103_sev100_t08_14,blockage,103,1.0,8,14,16,204,node,pressure,0.5565984999999998,0.7261880000000005,-0.7261880000000005,28800.0
blockage_103_sev100_t08_14,blockage,103,1.0,8,14,17,189,node,pressure,0.5361626666666671,0.703515000000003,-0.703515000000003,28800.0
blockage_103_sev100_t08_14,blockage,103,1.0,8,14,18,269,node,pressure,0.5159441666666673,0.6837029999999942,-0.6837029999999942,28800.0
blockage_103_sev100_t08_14,blockage,103,1.0,8,14,19,185,node,pressure,0.5001351666666665,0.6747200000000007,-0.6747200000000007,28800.0
blockage_103_sev100_t08_14,blockage,103,1.0,8,14,20,184,node,pressure,0.4892289999999993,0.6643169999999969,-0.6643169999999969,28800.0
blockage_103_sev100_t12_18,blockage,103,1.0,12,18,1,101,node,pressure,5.057911666666668,9.967059999999996,9.967059999999996,43200.0
blockage_103_sev100_t12_18,blockage,103,1.0,12,18,2,103,node,pressure,3.6306720000000006,6.985320999999999,-6.985320999999999,43200.0
blockage_103_sev100_t12_18,blockage,103,1.0,12,18,3,109,node,pressure,2.7171591666666672,5.162793000000001,-5.162793000000001,43200.0
blockage_103_sev100_t12_18,blockage,103,1.0,12,18,4,105,node,pressure,1.7815563333333333,3.560217999999999,3.560217999999999,43200.0
blockage_103_sev100_t12_18,blockage,103,1.0,12,18,5,10,node,pressure,1.6407036999999995,3.1083839999999974,3.1083839999999974,43200.0
blockage_103_sev100_t12_18,blockage,103,1.0,12,18,6,107,node,pressure,1.5397240000000008,3.085932999999997,3.085932999999997,43200.0
blockage_103_sev100_t12_18,blockage,103,1.0,12,18,7,111,node,pressure,1.169310833333333,2.115523000000003,-2.115523000000003,43200.0
blockage_103_sev100_t12_18,blockage,103,1.0,12,18,8,113,node,pressure,0.8890496666666662,1.559697,-1.559697,43200.0
blockage_103_sev100_t12_18,blockage,103,1.0,12,18,9,197,node,pressure,0.7319081666666646,1.2536009999999962,-1.2536009999999962,43200.0
blockage_103_sev100_t12_18,blockage,103,1.0,12,18,10,115,node,pressure,0.6175675000000022,1.1052780000000055,-1.1052780000000055,43200.0
blockage_103_sev100_t12_18,blockage,103,1.0,12,18,11,191,node,pressure,0.5570440000000012,0.9074750000000051,-0.9074750000000051,43200.0
blockage_103_sev100_t12_18,blockage,103,1.0,12,18,12,193,node,pressure,0.5507456666666665,0.8974229999999963,-0.8974229999999963,43200.0
blockage_103_sev100_t12_18,blockage,103,1.0,12,18,13,195,node,pressure,0.5446646666666671,0.8860039999999998,-0.8860039999999998,43200.0
blockage_103_sev100_t12_18,blockage,103,1.0,12,18,14,263,node,pressure,0.33607966666666655,0.6334300000000042,0.6334300000000042,43200.0
blockage_103_sev100_t12_18,blockage,103,1.0,12,18,15,267,node,pressure,0.3947608333333328,0.5922229999999971,-0.5922229999999971,43200.0
blockage_103_sev100_t12_18,blockage,103,1.0,12,18,16,187,node,pressure,0.34776149999999956,0.4997030000000038,-0.4997030000000038,43200.0
blockage_103_sev100_t12_18,blockage,103,1.0,12,18,17,204,node,pressure,0.33186249999999734,0.46965099999999893,-0.46965099999999893,43200.0
blockage_103_sev100_t12_18,blockage,103,1.0,12,18,18,189,node,pressure,0.319969833333334,0.44498000000000104,-0.44498000000000104,43200.0
blockage_103_sev100_t12_18,blockage,103,1.0,12,18,19,269,node,pressure,0.3079420000000006,0.42750200000000405,-0.42750200000000405,43200.0
blockage_103_sev100_t12_18,blockage,103,1.0,12,18,20,40,node,pressure,0.2646628166666667,0.42472259999999995,-0.42472259999999995,46800.0
blockage_105_sev100_t08_14,blockage,105,1.0,8,14,1,101,node,pressure,6.966485166666666,7.059879000000002,7.059879000000002,28800.0
blockage_105_sev100_t08_14,blockage,105,1.0,8,14,2,103,node,pressure,6.1722881666666645,6.271789999999996,6.271789999999996,28800.0
blockage_105_sev100_t08_14,blockage,105,1.0,8,14,3,109,node,pressure,3.9878848333333337,4.0885120000000015,4.0885120000000015,28800.0
blockage_105_sev100_t08_14,blockage,105,1.0,8,14,4,105,node,pressure,2.2870365000000006,2.4174760000000006,-2.4174760000000006,28800.0
blockage_105_sev100_t08_14,blockage,105,1.0,8,14,5,107,node,pressure,2.0714108333333314,2.199935999999994,-2.199935999999994,28800.0
blockage_105_sev100_t08_14,blockage,105,1.0,8,14,6,10,node,pressure,2.168860500000001,2.1993100000000005,2.1993100000000005,28800.0
blockage_105_sev100_t08_14,blockage,105,1.0,8,14,7,263,node,pressure,0.8855446666666656,0.9945979999999963,-0.9945979999999963,28800.0
blockage_105_sev100_t08_14,blockage,105,1.0,8,14,8,261,node,pressure,0.756228166666664,0.8639939999999982,-0.8639939999999982,28800.0
blockage_105_sev100_t08_14,blockage,105,1.0,8,14,9,259,node,pressure,0.7038728333333317,0.8050080000000008,-0.8050080000000008,28800.0
blockage_105_sev100_t08_14,blockage,105,1.0,8,14,10,257,node,pressure,0.6584506666666657,0.7576049999999981,-0.7576049999999981,28800.0
blockage_105_sev100_t08_14,blockage,105,1.0,8,14,11,117,node,pressure,0.5754946666666653,0.6830229999999986,-0.6830229999999986,28800.0
blockage_105_sev100_t08_14,blockage,105,1.0,8,14,12,120,node,pressure,0.43105383333333336,0.5165100000000038,-0.5165100000000038,28800.0
blockage_105_sev100_t08_14,blockage,105,1.0,8,14,13,115,node,pressure,0.40093799999999885,0.49688700000000097,-0.49688700000000097,28800.0
blockage_105_sev100_t08_14,blockage,105,1.0,8,14,14,119,node,pressure,0.218653166666666,0.2940529999999981,-0.2940529999999981,28800.0
blockage_105_sev100_t08_14,blockage,105,1.0,8,14,15,151,node,pressure,0.20807233333333386,0.28185700000000224,-0.28185700000000224,28800.0
blockage_105_sev100_t08_14,blockage,105,1.0,8,14,16,153,node,pressure,0.20713899999999974,0.2810430000000004,-0.2810430000000004,28800.0
blockage_105_sev100_t08_14,blockage,105,1.0,8,14,17,157,node,pressure,0.2006043333333345,0.27562300000000306,-0.27562300000000306,28800.0
blockage_105_sev100_t08_14,blockage,105,1.0,8,14,18,149,node,pressure,0.200074166666667,0.27118999999999716,-0.27118999999999716,28800.0
blockage_105_sev100_t08_14,blockage,105,1.0,8,14,19,147,node,pressure,0.19894033333333164,0.2700499999999977,-0.2700499999999977,28800.0
blockage_105_sev100_t08_14,blockage,105,1.0,8,14,20,145,node,pressure,0.19598650000000126,0.26728800000000064,-0.26728800000000064,28800.0
blockage_105_sev100_t12_18,blockage,105,1.0,12,18,1,101,node,pressure,3.821177833333332,7.137568999999999,7.137568999999999,43200.0
blockage_105_sev100_t12_18,blockage,105,1.0,12,18,2,103,node,pressure,3.415178500000001,6.3372910000000005,6.3372910000000005,43200.0
blockage_105_sev100_t12_18,blockage,105,1.0,12,18,3,109,node,pressure,2.286990999999999,4.119678,4.119678,43200.0
blockage_105_sev100_t12_18,blockage,105,1.0,12,18,4,105,node,pressure,1.340574499999999,2.4650019999999984,-2.4650019999999984,43200.0
blockage_105_sev100_t12_18,blockage,105,1.0,12,18,5,107,node,pressure,1.2038503333333341,2.2420630000000017,-2.2420630000000017,43200.0
blockage_105_sev100_t12_18,blockage,105,1.0,12,18,6,10,node,pressure,1.3886140000000005,2.222819000000001,2.222819000000001,43200.0
blockage_105_sev100_t12_18,blockage,105,1.0,12,18,7,263,node,pressure,0.48994333333333157,0.9643769999999989,-0.9643769999999989,43200.0
blockage_105_sev100_t12_18,blockage,105,1.0,12,18,8,261,node,pressure,0.41452516666666855,0.827770000000001,-0.827770000000001,43200.0
blockage_105_sev100_t12_18,blockage,105,1.0,12,18,9,259,node,pressure,0.36795833333333405,0.7518809999999974,-0.7518809999999974,43200.0
blockage_105_sev100_t12_18,blockage,105,1.0,12,18,10,257,node,pressure,0.3374605,0.698754000000001,-0.698754000000001,43200.0
blockage_105_sev100_t12_18,blockage,105,1.0,12,18,11,117,node,pressure,0.31961166666666685,0.6431579999999997,-0.6431579999999997,43200.0
blockage_105_sev100_t12_18,blockage,105,1.0,12,18,12,115,node,pressure,0.2036965000000007,0.4378770000000003,-0.4378770000000003,43200.0
blockage_105_sev100_t12_18,blockage,105,1.0,12,18,13,120,node,pressure,0.20157300000000214,0.4181159999999977,-0.4181159999999977,43200.0
blockage_105_sev100_t12_18,blockage,105,1.0,12,18,14,111,node,pressure,0.12233983333333498,0.21427399999999608,-0.21427399999999608,43200.0
blockage_105_sev100_t12_18,blockage,105,1.0,12,18,15,113,node,pressure,0.13340250000000017,0.2034489999999991,-0.2034489999999991,43200.0
blockage_105_sev100_t12_18,blockage,105,1.0,12,18,16,197,node,pressure,0.11128699999999843,0.19121599999999717,-0.19121599999999717,43200.0
blockage_105_sev100_t12_18,blockage,105,1.0,12,18,17,191,node,pressure,0.12034899999999975,0.18258699999999806,-0.18258699999999806,43200.0
blockage_105_sev100_t12_18,blockage,105,1.0,12,18,18,193,node,pressure,0.11952083333333263,0.18051499999999976,-0.18051499999999976,43200.0
blockage_105_sev100_t12_18,blockage,105,1.0,12,18,19,195,node,pressure,0.11929716666666816,0.1793130000000005,-0.1793130000000005,43200.0
blockage_105_sev100_t12_18,blockage,105,1.0,12,18,20,119,node,pressure,0.12243466666666691,0.17243200000000058,-0.17243200000000058,43200.0
blockage_107_sev100_t08_14,blockage,107,1.0,8,14,1,107,node,pressure,1.8114273333333344,1.8836670000000026,-1.8836670000000026,28800.0
blockage_107_sev100_t08_14,blockage,107,1.0,8,14,2,105,node,pressure,1.1724734999999977,1.204146999999999,1.204146999999999,28800.0
blockage_107_sev100_t08_14,blockage,107,1.0,8,14,3,101,node,pressure,0.5322899999999985,0.5499679999999998,0.5499679999999998,28800.0
blockage_107_sev100_t08_14,blockage,107,1.0,8,14,4,103,node,pressure,0.44717033333333234,0.46464699999999937,0.46464699999999937,28800.0
blockage_107_sev100_t08_14,blockage,107,1.0,8,14,5,115,node,pressure,0.24434799999999868,0.25074699999999694,-0.25074699999999694,28800.0
blockage_107_sev100_t08_14,blockage,107,1.0,8,14,6,109,node,pressure,0.21603199999999845,0.23089600000000132,0.23089600000000132,28800.0
blockage_107_sev100_t08_14,blockage,107,1.0,8,14,7,263,node,pressure,0.2231918333333335,0.23087999999999909,0.23087999999999909,28800.0
blockage_107_sev100_t08_14,blockage,107,1.0,8,14,8,111,node,pressure,0.19732866666666501,0.2016659999999959,-0.2016659999999959,28800.0
blockage_107_sev100_t08_14,blockage,107,1.0,8,14,9,10,node,pressure,0.16508133333333377,0.1706530000000015,0.1706530000000015,28800.0
blockage_107_sev100_t08_14,blockage,107,1.0,8,14,10,113,node,pressure,0.16197400000000073,0.16707600000000156,-0.16707600000000156,28800.0
blockage_107_sev100_t08_14,blockage,107,1.0,8,14,11,261,node,pressure,0.13163650000000024,0.13988200000000006,0.13988200000000006,28800.0
blockage_107_sev100_t08_14,blockage,107,1.0,8,14,12,259,node,pressure,0.12809783333333394,0.13573300000000188,0.13573300000000188,28800.0
blockage_107_sev100_t08_14,blockage,107,1.0,8,14,13,197,node,pressure,0.11923266666666639,0.12518299999999982,-0.12518299999999982,28800.0
blockage_107_sev100_t08_14,blockage,107,1.0,8,14,14,257,node,pressure,0.10432716666666526,0.11195299999999975,0.11195299999999975,28800.0
blockage_107_sev100_t08_14,blockage,107,1.0,8,14,15,191,node,pressure,0.08776500000000098,0.09496200000000243,-0.09496200000000243,28800.0
blockage_107_sev100_t08_14,blockage,107,1.0,8,14,16,193,node,pressure,0.08762916666666716,0.09480500000000092,-0.09480500000000092,28800.0
blockage_107_sev100_t08_14,blockage,107,1.0,8,14,17,195,node,pressure,0.08633566666666563,0.09355100000000505,-0.09355100000000505,28800.0
blockage_107_sev100_t08_14,blockage,107,1.0,8,14,18,267,node,pressure,0.054819666666665746,0.06361799999999818,-0.06361799999999818,28800.0
blockage_107_sev100_t08_14,blockage,107,1.0,8,14,19,187,node,pressure,0.04455999999999941,0.05426700000000295,-0.05426700000000295,28800.0
blockage_107_sev100_t08_14,blockage,107,1.0,8,14,20,204,node,pressure,0.041191333333332615,0.05119999999999436,-0.05119999999999436,28800.0
blockage_107_sev100_t12_18,blockage,107,1.0,12,18,1,107,node,pressure,0.9429869999999999,1.8577629999999985,-1.8577629999999985,43200.0
blockage_107_sev100_t12_18,blockage,107,1.0,12,18,2,105,node,pressure,0.6211894999999986,1.2121070000000032,1.2121070000000032,43200.0
blockage_107_sev100_t12_18,blockage,107,1.0,12,18,3,101,node,pressure,0.27562450000000166,0.5566620000000029,0.5566620000000029,43200.0
blockage_107_sev100_t12_18,blockage,107,1.0,12,18,4,103,node,pressure,0.23150799999999924,0.47206800000000015,0.47206800000000015,43200.0
blockage_107_sev100_t12_18,blockage,107,1.0,12,18,5,109,node,pressure,0.11601850000000032,0.2403060000000039,0.2403060000000039,43200.0
blockage_107_sev100_t12_18,blockage,107,1.0,12,18,6,115,node,pressure,0.1316800000000017,0.2319480000000027,-0.2319480000000027,43200.0
blockage_107_sev100_t12_18,blockage,107,1.0,12,18,7,263,node,pressure,0.1161265000000012,0.2305070000000029,0.2305070000000029,43200.0
blockage_107_sev100_t12_18,blockage,107,1.0,12,18,8,111,node,pressure,0.1004926666666665,0.18525999999999954,-0.18525999999999954,43200.0
blockage_107_sev100_t12_18,blockage,107,1.0,12,18,9,10,node,pressure,0.08762101666666637,0.17267999999999972,0.17267999999999972,43200.0
blockage_107_sev100_t12_18,blockage,107,1.0,12,18,10,113,node,pressure,0.08325783333333447,0.14880700000000502,-0.14880700000000502,43200.0
blockage_107_sev100_t12_18,blockage,107,1.0,12,18,11,261,node,pressure,0.06774216666666533,0.1401029999999963,0.1401029999999963,43200.0
blockage_107_sev100_t12_18,blockage,107,1.0,12,18,12,259,node,pressure,0.06622899999999987,0.13594499999999954,0.13594499999999954,43200.0
blockage_107_sev100_t12_18,blockage,107,1.0,12,18,13,257,node,pressure,0.05401533333333338,0.11230299999999716,0.11230299999999716,43200.0
blockage_107_sev100_t12_18,blockage,107,1.0,12,18,14,197,node,pressure,0.0622838333333308,0.11153399999999891,-0.11153399999999891,43200.0
blockage_107_sev100_t12_18,blockage,107,1.0,12,18,15,191,node,pressure,0.046886666666668,0.0828780000000009,-0.0828780000000009,43200.0
blockage_107_sev100_t12_18,blockage,107,1.0,12,18,16,193,node,pressure,0.04681549999999982,0.08264899999999642,-0.08264899999999642,43200.0
blockage_107_sev100_t12_18,blockage,107,1.0,12,18,17,195,node,pressure,0.046151333333333135,0.08142399999999839,-0.08142399999999839,43200.0
blockage_107_sev100_t12_18,blockage,107,1.0,12,18,18,267,node,pressure,0.03052766666666784,0.05227299999999957,-0.05227299999999957,43200.0
blockage_107_sev100_t12_18,blockage,107,1.0,12,18,19,187,node,pressure,0.02536233333333489,0.04333000000000453,-0.04333000000000453,43200.0
blockage_107_sev100_t12_18,blockage,107,1.0,12,18,20,204,node,pressure,0.02359249999999946,0.04015300000000366,-0.04015300000000366,43200.0
