event_id,scenario,event_number,start_timestamp_s,end_timestamp_s,event_span_s,timestamp_count,anomaly_record_count,peak_severity,peak_abs_residual,mean_abs_residual,affected_asset_count,affected_assets,affected_asset_types,affected_parameters,pressure_anomaly_count,flowrate_anomaly_count,ground_truth_states,evaluation_label,fault_type,target_id,configured_severity,fault_start_hour,fault_end_hour
blockage_103_sev100_t08_14_event_01,blockage_103_sev100_t08_14,1,28800,64800,36000,11,529,critical,9.871406999999998,0.5991275557776937,83,1|10|101|103|105|107|109|111|112|113|115|116|117|119|123|129|131|133|159|161|163|164|166|167|169|171|173|175|177|179|181|183|184|185|187|189|191|193|195|197|199|20|201|203|204|205|206|207|208|209|211|213|215|217|219|221|223|225|238|240|241|243|263|265|267|269|271|273|275|289|297|299|301|305|307|309|311|313|315|321|35|40|50,link|node,flowrate|pressure,184,345,fault_active|recovery,primary_fault_event,blockage,103,1.0,8,14
blockage_103_sev100_t08_14_event_02,blockage_103_sev100_t08_14,2,72000,86400,14400,5,208,critical,26.570144999999997,0.9368429133661779,97,10|101|103|105|107|109|111|112|113|115|116|117|119|120|121|123|125|127|129|131|133|139|141|143|145|147|149|15|151|153|157|159|161|163|164|166|167|169|171|173|175|177|179|181|183|184|185|187|189|191|193|195|197|199|20|201|203|204|205|207|215|229|231|238|239|240|241|243|257|259|261|263|265|267|269|271|273|275|281|283|287|289|3|311|315|321|323|329|330|333|335|35|40|50|60|601|61,link|node,flowrate|pressure,94,114,recovery,recovery_transient,blockage,103,1.0,8,14
blockage_103_sev100_t12_18_event_01,blockage_103_sev100_t12_18,1,43200,64800,21600,7,263,critical,9.967059999999996,0.4834722652670343,54,10|101|103|105|107|109|111|112|113|115|116|117|119|121|123|129|131|133|173|175|177|179|183|187|191|193|195|197|199|20|201|207|209|211|213|215|217|219|221|223|225|263|267|297|299|301|305|307|309|311|313|315|321|40,link|node,flowrate|pressure,44,219,fault_active|recovery,primary_fault_event,blockage,103,1.0,12,18
blockage_103_sev100_t12_18_event_02,blockage_103_sev100_t12_18,2,75600,82800,7200,3,103,critical,26.504006000000004,0.9405533266955588,84,10|101|103|105|107|109|111|113|115|116|117|119|120|121|123|125|129|131|133|139|141|143|145|147|149|15|151|153|157|159|161|163|164|166|167|169|173|175|177|179|183|187|189|191|193|195|197|199|20|201|204|207|215|229|231|238|239|240|241|243|257|259|261|263|265|267|269|273|283|287|289|311|315|321|323|329|330|333|335|40|50|60|601|61,link|node,flowrate|pressure,49,54,recovery,recovery_transient,blockage,103,1.0,12,18
blockage_105_sev100_t08_14_event_01,blockage_105_sev100_t08_14,1,28800,46800,18000,6,271,critical,7.059879000000002,0.6216572859944057,41,10|101|103|105|107|109|111|112|115|117|119|120|121|123|129|131|133|173|175|177|179|183|187|191|195|197|20|201|257|259|261|263|297|299|301|303|305|307|315|321|40,link|node,flowrate|pressure,66,205,fault_active,primary_fault_event,blockage,105,1.0,8,14
blockage_105_sev100_t08_14_event_02,blockage_105_sev100_t08_14,2,75600,75600,0,1,91,critical,26.482560000000007,1.0185673740585308,83,10|101|103|105|107|109|111|113|115|116|117|119|120|121|123|125|129|131|133|139|141|143|145|147|149|15|151|153|157|159|161|163|164|166|167|169|173|175|177|179|183|187|189|191|193|195|197|199|20|201|207|215|229|231|238|239|240|241|243|257|259|261|263|265|267|269|273|283|287|289|311|315|321|323|329|330|333|335|40|50|60|601|61,link|node,flowrate|pressure,45,46,recovery,recovery_transient,blockage,105,1.0,8,14
blockage_105_sev100_t12_18_event_01,blockage_105_sev100_t12_18,1,43200,61200,18000,6,181,critical,7.137568999999999,0.5023232678080664,43,10|101|103|105|107|109|111|112|113|115|117|119|120|121|122|123|129|131|133|173|175|177|179|183|187|191|195|197|20|201|257|259|261|263|297|299|301|303|305|307|315|321|40,link|node,flowrate|pressure,43,138,fault_active,primary_fault_event,blockage,105,1.0,12,18
blockage_105_sev100_t12_18_event_02,blockage_105_sev100_t12_18,2,75600,75600,0,1,83,critical,26.45778,1.0370818974519584,78,10|101|103|105|107|109|111|113|115|116|117|119|120|121|123|125|129|131|133|139|141|143|145|147|149|15|151|153|157|159|161|163|164|166|173|175|177|179|183|187|189|191|195|197|199|20|201|207|215|229|231|238|239|240|241|243|257|259|261|263|269|273|283|287|289|311|315|321|323|329|330|333|335|40|50|60|601|61,link|node,flowrate|pressure,37,46,recovery,recovery_transient,blockage,105,1.0,12,18
blockage_107_sev100_t08_14_event_01,blockage_107_sev100_t08_14,1,28800,46800,18000,6,84,warning,1.8836670000000026,0.2618304026988093,12,101|103|105|107|109|111|112|115|117|119|305|307,link|node,flowrate|pressure,18,66,fault_active,primary_fault_event,blockage,107,1.0,8,14
blockage_107_sev100_t12_18_event_01,blockage_107_sev100_t12_18,1,43200,50400,7200,3,42,warning,1.8577629999999985,0.2638140823921427,12,101|103|105|107|109|111|112|115|117|119|305|307,link|node,flowrate|pressure,9,33,fault_active,primary_fault_event,blockage,107,1.0,12,18
leak_101_sev30_t06_12_event_01,leak_101_sev30_t06_12,1,21600,39600,18000,6,84,anomaly,0.871216000000004,0.16542896595238132,12,101|103|105|109|111|120|121|123|129|131|133|20,link|node,flowrate|pressure,18,66,fault_active,primary_fault_event,leak,101,0.3,6,12
leak_101_sev30_t10_16_event_01,leak_101_sev30_t10_16,1,36000,54000,18000,6,82,anomaly,0.8781049999999979,0.1395345871562683,16,101|103|105|109|111|113|116|120|121|123|129|131|133|20|215|311,link|node,flowrate|pressure,15,67,fault_active,primary_fault_event,leak,101,0.3,10,16
leak_101_sev30_t10_16_event_02,leak_101_sev30_t10_16,2,75600,75600,0,1,82,critical,26.45147,1.0364485256625156,77,10|101|103|105|107|109|111|115|116|117|119|120|121|123|125|129|131|133|139|141|143|145|147|149|15|151|153|157|159|161|163|164|166|173|175|177|179|183|187|189|191|195|197|199|20|201|207|215|229|231|238|239|240|241|243|257|259|261|263|269|273|283|287|289|311|315|321|323|329|330|333|335|40|50|60|601|61,link|node,flowrate|pressure,36,46,recovery,recovery_transient,leak,101,0.3,10,16
leak_101_sev30_t14_20_event_01,leak_101_sev30_t14_20,1,50400,68400,18000,6,82,anomaly,0.8289979999999986,0.03346338384795117,20,101|103|105|109|111|113|116|120|121|123|129|131|133|173|175|177|199|20|215|311,link|node,flowrate|pressure,3,79,fault_active,primary_fault_event,leak,101,0.3,14,20
leak_101_sev30_t14_20_event_02,leak_101_sev30_t14_20,2,75600,79200,3600,2,95,critical,26.485825000000006,0.9761747874486584,83,10|101|103|105|107|109|111|113|115|116|117|119|120|121|123|125|129|131|133|139|141|143|145|147|149|15|151|153|157|159|161|163|164|166|167|169|173|175|177|179|183|187|189|191|193|195|197|199|20|201|207|215|229|231|238|239|240|241|243|257|259|261|263|265|267|269|273|283|287|289|311|315|321|323|329|330|333|335|40|50|60|601|61,link|node,flowrate|pressure,45,50,recovery,recovery_transient,leak,101,0.3,14,20
leak_101_sev60_t06_12_event_01,leak_101_sev60_t06_12,1,21600,39600,18000,6,152,warning,1.704383,0.2934272194151317,25,10|101|103|105|107|109|111|115|117|119|120|121|123|129|131|133|187|195|197|20|201|263|307|315|40,link|node,flowrate|pressure,43,109,fault_active,primary_fault_event,leak,101,0.6,6,12
leak_101_sev60_t06_12_event_02,leak_101_sev60_t06_12,2,75600,75600,0,1,88,critical,26.467804,1.0178799955452567,80,10|101|103|105|107|109|111|113|115|116|117|119|120|121|123|125|129|131|133|139|141|143|145|147|149|15|151|153|157|159|161|163|164|166|173|175|177|179|183|187|189|191|193|195|197|199|20|201|207|215|229|231|238|239|240|241|243|257|259|261|263|265|269|273|283|287|289|311|315|321|323|329|330|333|335|40|50|60|601|61,link|node,flowrate|pressure,42,46,recovery,recovery_transient,leak,101,0.6,6,12
leak_101_sev60_t10_16_event_01,leak_101_sev60_t10_16,1,36000,54000,18000,6,180,warning,1.7237280000000013,0.25763882863751114,53,10|101|103|105|107|109|111|113|115|116|117|119|120|121|123|129|131|133|173|175|177|179|183|187|191|193|195|197|199|20|201|207|211|213|215|223|225|238|240|241|243|259|261|263|273|289|307|311|313|315|321|40|50,link|node,flowrate|pressure,49,131,fault_active,primary_fault_event,leak,101,0.6,10,16
leak_101_sev60_t10_16_event_02,leak_101_sev60_t10_16,2,75600,75600,0,1,91,critical,26.484750000000005,1.0199220881343547,83,10|101|103|105|107|109|111|113|115|116|117|119|120|121|123|125|129|131|133|139|141|143|145|147|149|15|151|153|157|159|161|163|164|166|167|169|173|175|177|179|183|187|189|191|193|195|197|199|20|201|207|215|229|231|238|239|240|241|243|257|259|261|263|265|267|269|273|283|287|289|311|315|321|323|329|330|333|335|40|50|60|601|61,link|node,flowrate|pressure,45,46,recovery,recovery_transient,leak,101,0.6,10,16
leak_101_sev60_t14_20_event_01,leak_101_sev60_t14_20,1,50400,86400,36000,11,468,critical,26.567899999999995,0.5213078168205998,99,10|101|103|105|107|109|111|112|113|115|116|117|119|120|121|123|125|127|129|131|133|139|141|143|145|147|149|15|151|153|157|159|161|163|164|166|167|169|171|173|175|177|179|181|183|184|185|187|189|191|193|195|197|199|20|201|204|207|211|213|215|223|225|229|231|238|239|240|241|243|257|259|261|263|265|267|269|271|273|283|287|289|3|307|311|313|315|321|323|329|330|333|335|35|40|50|60|601|61,link|node,flowrate|pressure,160,308,fault_active|recovery,primary_fault_event,leak,101,0.6,14,20
leak_101_sev90_t06_12_event_01,leak_101_sev90_t06_12,1,21600,43200,21600,7,278,warning,2.4919530000000023,0.33563291926992805,44,10|101|103|105|107|109|111|112|113|115|116|117|119|120|121|123|129|131|133|173|175|177|179|183|187|191|193|195|197|20|201|223|225|257|259|261|263|297|305|307|311|315|321|40,link|node,flowrate|pressure,89,189,fault_active|recovery,primary_fault_event,leak,101,0.9,6,12
leak_101_sev90_t06_12_event_02,leak_101_sev90_t06_12,2,75600,79200,3600,2,96,critical,26.492950000000008,0.9931717159172141,83,10|101|103|105|107|109|111|113|115|116|117|119|120|121|123|125|129|131|133|139|141|143|145|147|149|15|151|153|157|159|161|163|164|166|167|169|173|175|177|179|183|187|189|191|193|195|197|199|20|201|207|215|229|231|238|239|240|241|243|257|259|261|263|265|267|269|273|283|287|289|311|315|321|323|329|330|333|335|40|50|60|601|61,link|node,flowrate|pressure,48,48,recovery,recovery_transient,leak,101,0.9,6,12
leak_101_sev90_t10_16_event_01,leak_101_sev90_t10_16,1,36000,54000,18000,6,319,warning,2.530298000000002,0.331903664352138,88,10|101|103|105|107|109|111|112|113|115|116|117|119|120|121|123|125|129|131|133|159|161|163|164|166|167|169|171|173|175|177|179|181|183|184|185|187|189|191|193|195|197|199|20|201|204|205|207|211|213|215|217|223|225|229|231|238|239|240|241|243|257|259|261|263|265|267|269|271|273|283|287|289|297|305|307|311|313|315|321|323|329|330|333|35|40|50|60,link|node,flowrate|pressure,109,210,fault_active,primary_fault_event,leak,101,0.9,10,16
leak_101_sev90_t10_16_event_02,leak_101_sev90_t10_16,2,75600,82800,7200,3,111,critical,26.520196,0.9296984200605972,89,10|101|103|105|107|109|111|113|115|116|117|119|120|121|123|125|127|129|131|133|139|141|143|145|147|149|15|151|153|157|159|161|163|164|166|167|169|171|173|175|177|179|183|184|185|187|189|191|193|195|197|199|20|201|204|207|215|229|231|238|239|240|241|243|257|259|261|263|265|267|269|271|273|283|287|289|311|315|321|323|329|330|333|335|40|50|60|601|61,link|node,flowrate|pressure,57,54,recovery,recovery_transient,leak,101,0.9,10,16
leak_101_sev90_t14_20_event_01,leak_101_sev90_t14_20,1,50400,86400,36000,11,798,critical,26.630890000000008,0.5450145779311618,111,10|101|103|105|107|109|111|112|113|115|116|117|119|120|121|123|125|127|129|131|133|139|141|143|145|147|149|15|151|153|157|159|161|163|164|166|167|169|171|173|175|177|179|181|183|184|185|187|189|191|193|195|197|199|20|201|203|204|205|206|207|208|209|211|213|215|217|223|225|229|231|238|239|240|241|243|257|259|261|263|265|267|269|271|273|275|281|283|287|289|293|295|297|3|305|307|311|313|315|321|323|329|330|333|335|35|40|50|60|601|61,link|node,flowrate|pressure,413,385,fault_active|recovery,primary_fault_event,leak,101,0.9,14,20
leak_105_sev30_t06_12_event_01,leak_105_sev30_t06_12,1,21600,39600,18000,6,69,anomaly,0.7262139999999988,0.12614129223188414,12,105|107|117|120|121|123|129|131|133|20|305|307,link|node,flowrate|pressure,12,57,fault_active,primary_fault_event,leak,105,0.3,6,12
leak_105_sev30_t10_16_event_01,leak_105_sev30_t10_16,1,36000,54000,18000,6,73,anomaly,0.7464999999999975,0.09816645912164373,20,103|105|107|109|111|113|115|116|117|120|121|123|129|131|133|20|215|305|307|311,link|node,flowrate|pressure,10,63,fault_active,primary_fault_event,leak,105,0.3,10,16
leak_105_sev30_t10_16_event_02,leak_105_sev30_t10_16,2,75600,75600,0,1,83,critical,26.454009999999997,1.0328328706119583,78,10|101|103|105|107|109|111|113|115|116|117|119|120|121|123|125|129|131|133|139|141|143|145|147|149|15|151|153|157|159|161|163|164|166|173|175|177|179|183|187|189|191|195|197|199|20|201|207|215|229|231|238|239|240|241|243|257|259|261|263|269|273|283|287|289|311|315|321|323|329|330|333|335|40|50|60|601|61,link|node,flowrate|pressure,37,46,recovery,recovery_transient,leak,105,0.3,10,16
leak_105_sev30_t14_20_event_01,leak_105_sev30_t14_20,1,50400,68400,18000,6,73,anomaly,0.6834539999999976,0.024637907038219165,19,103|105|107|109|111|113|115|116|117|120|121|123|129|131|133|20|215|307|311,link|node,flowrate|pressure,2,71,fault_active,primary_fault_event,leak,105,0.3,14,20
leak_105_sev30_t14_20_event_02,leak_105_sev30_t14_20,2,75600,79200,3600,2,93,critical,26.483230000000006,0.9943162061830779,83,10|101|103|105|107|109|111|113|115|116|117|119|120|121|123|125|129|131|133|139|141|143|145|147|149|15|151|153|157|159|161|163|164|166|167|169|173|175|177|179|183|187|189|191|193|195|197|199|20|201|207|215|229|231|238|239|240|241|243|257|259|261|263|265|267|269|273|283|287|289|311|315|321|323|329|330|333|335|40|50|60|601|61,link|node,flowrate|pressure,45,48,recovery,recovery_transient,leak,105,0.3,14,20
leak_105_sev60_t06_12_event_01,leak_105_sev60_t06_12,1,21600,39600,18000,6,159,anomaly,1.371407000000005,0.2735566993581132,29,101|103|105|107|109|111|115|117|120|121|123|129|131|133|187|191|195|197|20|201|257|259|261|263|297|305|307|315|40,link|node,flowrate|pressure,53,106,fault_active,primary_fault_event,leak,105,0.6,6,12
leak_105_sev60_t06_12_event_02,leak_105_sev60_t06_12,2,75600,75600,0,1,91,critical,26.474419999999995,1.0084691058306186,83,10|101|103|105|107|109|111|113|115|116|117|119|120|121|123|125|129|131|133|139|141|143|145|147|149|15|151|153|157|159|161|163|164|166|167|169|173|175|177|179|183|187|189|191|193|195|197|199|20|201|207|215|229|231|238|239|240|241|243|257|259|261|263|265|267|269|273|283|287|289|311|315|321|323|329|330|333|335|40|50|60|601|61,link|node,flowrate|pressure,45,46,recovery,recovery_transient,leak,105,0.6,6,12
leak_105_sev60_t10_16_event_01,leak_105_sev60_t10_16,1,36000,54000,18000,6,185,anomaly,1.4246999999999943,0.2467689668138812,54,10|101|103|105|107|109|111|112|113|115|116|117|120|121|123|129|131|133|173|175|177|179|183|187|191|193|195|197|199|20|201|207|215|223|225|238|240|241|243|257|259|261|263|273|289|297|305|307|311|313|315|321|40|50,link|node,flowrate|pressure,58,127,fault_active,primary_fault_event,leak,105,0.6,10,16
leak_105_sev60_t10_16_event_02,leak_105_sev60_t10_16,2,75600,79200,3600,2,96,critical,26.489914,0.988735891714232,83,10|101|103|105|107|109|111|113|115|116|117|119|120|121|123|125|129|131|133|139|141|143|145|147|149|15|151|153|157|159|161|163|164|166|167|169|173|175|177|179|183|187|189|191|193|195|197|199|20|201|207|215|229|231|238|239|240|241|243|257|259|261|263|265|267|269|273|283|287|289|311|315|321|323|329|330|333|335|40|50|60|601|61,link|node,flowrate|pressure,48,48,recovery,recovery_transient,leak,105,0.6,10,16
leak_105_sev60_t14_20_event_01,leak_105_sev60_t14_20,1,50400,86400,36000,11,478,critical,26.562529999999995,0.5078871769427198,100,10|101|103|105|107|109|111|112|113|115|116|117|119|120|121|123|125|127|129|131|133|139|141|143|145|147|149|15|151|153|157|159|161|163|164|166|167|169|171|173|175|177|179|181|183|184|185|187|189|191|193|195|197|199|20|201|204|207|211|213|215|223|225|229|231|238|239|240|241|243|257|259|261|263|265|267|269|271|273|283|287|289|297|305|307|311|313|315|321|323|329|330|333|335|35|40|50|60|601|61,link|node,flowrate|pressure,164,314,fault_active|recovery,primary_fault_event,leak,105,0.6,14,20
leak_105_sev90_t06_12_event_01,leak_105_sev90_t06_12,1,21600,43200,21600,7,232,warning,1.9247840000000025,0.34660908801715523,41,101|103|105|107|109|111|113|115|116|117|119|120|121|123|125|129|131|133|179|183|187|191|193|195|197|20|201|257|259|261|263|297|305|307|315|321|329|330|333|40|60,link|node,flowrate|pressure,84,148,fault_active|recovery,primary_fault_event,leak,105,0.9,6,12
leak_105_sev90_t06_12_event_02,leak_105_sev90_t06_12,2,75600,79200,3600,2,101,critical,26.502939999999995,0.970657433439827,85,10|101|103|105|107|109|111|113|115|116|117|119|120|121|123|125|129|131|133|139|141|143|145|147|149|15|151|153|157|159|161|163|164|166|167|169|171|173|175|177|179|183|187|189|191|193|195|197|199|20|201|204|207|215|229|231|238|239|240|241|243|257|259|261|263|265|267|269|273|283|287|289|311|315|321|323|329|330|333|335|40|50|60|601|61,link|node,flowrate|pressure,51,50,recovery,recovery_transient,leak,105,0.9,6,12
leak_105_sev90_t10_16_event_01,leak_105_sev90_t10_16,1,36000,54000,18000,6,287,warning,2.0152219999999943,0.3442414495843797,91,10|101|103|105|107|109|111|112|113|115|116|117|119|120|121|122|123|125|129|131|133|159|161|163|164|166|167|169|171|173|175|177|179|181|183|184|185|187|189|191|193|195|197|199|20|201|203|204|205|207|211|213|215|217|223|225|229|231|238|239|240|241|243|257|259|261|263|265|267|269|271|273|275|283|287|289|297|305|307|311|313|315|321|323|329|330|333|35|40|50|60,link|node,flowrate|pressure,112,175,fault_active,primary_fault_event,leak,105,0.9,10,16
leak_105_sev90_t10_16_event_02,leak_105_sev90_t10_16,2,72000,86400,14400,5,193,critical,26.530724000000006,0.9365344694297673,93,10|101|103|105|107|109|111|113|115|116|117|119|120|121|123|125|127|129|131|133|135|139|141|143|145|147|149|15|151|153|155|157|159|161|163|164|166|167|169|171|173|175|177|179|181|183|184|185|187|189|191|193|195|197|199|20|201|204|207|215|229|231|238|239|240|241|243|257|259|261|263|265|267|269|271|273|283|287|289|311|315|321|323|329|330|333|335|35|40|50|60|601|61,link|node,flowrate|pressure,83,110,recovery,recovery_transient,leak,105,0.9,10,16
leak_105_sev90_t14_20_event_01,leak_105_sev90_t14_20,1,50400,86400,36000,11,770,critical,26.62585,0.5367448310004085,111,10|101|103|105|107|109|111|112|113|115|116|117|119|120|121|122|123|125|127|129|131|133|139|141|143|145|147|149|15|151|153|157|159|161|163|164|166|167|169|171|173|175|177|179|181|183|184|185|187|189|191|193|195|197|199|20|201|203|204|205|206|207|208|211|213|215|217|223|225|229|231|238|239|240|241|243|257|259|261|263|265|267|269|271|273|275|281|283|287|289|293|295|297|3|305|307|311|313|315|321|323|329|330|333|335|35|40|50|60|601|61,link|node,flowrate|pressure,384,386,fault_active|recovery,primary_fault_event,leak,105,0.9,14,20
leak_109_sev30_t06_12_event_01,leak_109_sev30_t06_12,1,21600,39600,18000,6,82,anomaly,0.8643879999999982,0.15947293143292715,12,101|103|109|111|119|120|121|123|129|131|133|20,link|node,flowrate|pressure,18,64,fault_active,primary_fault_event,leak,109,0.3,6,12
leak_109_sev30_t10_16_event_01,leak_109_sev30_t10_16,1,36000,54000,18000,6,86,anomaly,0.8681999999999945,0.1248496550697908,23,101|103|109|111|112|113|116|119|120|121|123|129|131|133|173|175|177|199|20|201|215|311|40,link|node,flowrate|pressure,15,71,fault_active,primary_fault_event,leak,109,0.3,10,16
leak_109_sev30_t10_16_event_02,leak_109_sev30_t10_16,2,75600,75600,0,1,83,critical,26.45415,1.0328711715424856,78,10|101|103|105|107|109|111|113|115|116|117|119|120|121|123|125|129|131|133|139|141|143|145|147|149|15|151|153|157|159|161|163|164|166|173|175|177|179|183|187|189|191|195|197|199|20|201|207|215|229|231|238|239|240|241|243|257|259|261|263|269|273|283|287|289|311|315|321|323|329|330|333|335|40|50|60|601|61,link|node,flowrate|pressure,37,46,recovery,recovery_transient,leak,109,0.3,10,16
leak_109_sev30_t14_20_event_01,leak_109_sev30_t14_20,1,50400,68400,18000,6,75,anomaly,0.80809,0.033438698893480015,20,101|103|109|111|113|116|119|120|121|123|129|131|133|173|175|177|199|20|215|311,link|node,flowrate|pressure,3,72,fault_active,primary_fault_event,leak,109,0.3,14,20
leak_109_sev30_t14_20_event_02,leak_109_sev30_t14_20,2,75600,79200,3600,2,95,critical,26.487083999999996,0.9775561037493291,83,10|101|103|105|107|109|111|113|115|116|117|119|120|121|123|125|129|131|133|139|141|143|145|147|149|15|151|153|157|159|161|163|164|166|167|169|173|175|177|179|183|187|189|191|193|195|197|199|20|201|207|215|229|231|238|239|240|241|243|257|259|261|263|265|267|269|273|283|287|289|311|315|321|323|329|330|333|335|40|50|60|601|61,link|node,flowrate|pressure,45,50,recovery,recovery_transient,leak,109,0.3,14,20
leak_109_sev60_t06_12_event_01,leak_109_sev60_t06_12,1,21600,43200,21600,7,164,warning,1.6890410000000031,0.2676761395136588,27,101|103|105|107|109|111|112|113|115|116|117|119|120|121|123|129|131|133|187|191|195|197|20|201|263|315|40,link|node,flowrate|pressure,47,117,fault_active|recovery,primary_fault_event,leak,109,0.6,6,12
leak_109_sev60_t06_12_event_02,leak_109_sev60_t06_12,2,75600,75600,0,1,89,critical,26.47269,1.0177538371833994,81,10|101|103|105|107|109|111|113|115|116|117|119|120|121|123|125|129|131|133|139|141|143|145|147|149|15|151|153|157|159|161|163|164|166|173|175|177|179|183|187|189|191|193|195|197|199|20|201|207|215|229|231|238|239|240|241|243|257|259|261|263|265|267|269|273|283|287|289|311|315|321|323|329|330|333|335|40|50|60|601|61,link|node,flowrate|pressure,43,46,recovery,recovery_transient,leak,109,0.6,6,12
leak_109_sev60_t10_16_event_01,leak_109_sev60_t10_16,1,36000,54000,18000,6,182,warning,1.7028999999999996,0.2565026161685273,54,10|101|103|105|107|109|111|112|113|115|116|117|119|120|121|123|129|131|133|173|175|177|179|183|187|191|193|195|197|199|20|201|207|211|213|215|223|225|238|240|241|243|259|261|263|267|273|289|311|313|315|321|40|50,link|node,flowrate|pressure,55,127,fault_active,primary_fault_event,leak,109,0.6,10,16
leak_109_sev60_t10_16_event_02,leak_109_sev60_t10_16,2,75600,79200,3600,2,97,critical,26.49078,0.9792835606267273,83,10|101|103|105|107|109|111|113|115|116|117|119|120|121|123|125|129|131|133|139|141|143|145|147|149|15|151|153|157|159|161|163|164|166|167|169|173|175|177|179|183|187|189|191|193|195|197|199|20|201|207|215|229|231|238|239|240|241|243|257|259|261|263|265|267|269|273|283|287|289|311|315|321|323|329|330|333|335|40|50|60|601|61,link|node,flowrate|pressure,48,49,recovery,recovery_transient,leak,109,0.6,10,16
leak_109_sev60_t14_20_event_01,leak_109_sev60_t14_20,1,50400,86400,36000,11,460,critical,26.571579999999997,0.5290618089071402,101,10|101|103|105|107|109|111|112|113|115|116|117|119|120|121|123|125|127|129|131|133|139|141|143|145|147|149|15|151|153|157|159|161|163|164|166|167|169|171|173|175|177|179|181|183|184|185|187|189|191|193|195|197|199|20|201|204|205|207|211|213|215|223|225|229|231|238|239|240|241|243|257|259|261|263|265|267|269|271|273|275|281|283|287|289|3|311|313|315|321|323|329|330|333|335|35|40|50|60|601|61,link|node,flowrate|pressure,161,299,fault_active|recovery,primary_fault_event,leak,109,0.6,14,20
leak_109_sev90_t06_12_event_01,leak_109_sev90_t06_12,1,21600,43200,21600,7,288,warning,2.4649009999999976,0.31568395271998284,45,10|101|103|105|107|109|111|112|113|115|116|117|119|120|121|123|129|131|133|173|175|177|179|183|187|191|193|195|197|20|201|211|223|225|257|259|261|263|297|307|311|313|315|321|40,link|node,flowrate|pressure,92,196,fault_active|recovery,primary_fault_event,leak,109,0.9,6,12
leak_109_sev90_t06_12_event_02,leak_109_sev90_t06_12,2,75600,79200,3600,2,99,critical,26.500500000000002,0.9771086080477024,84,10|101|103|105|107|109|111|113|115|116|117|119|120|121|123|125|129|131|133|139|141|143|145|147|149|15|151|153|157|159|161|163|164|166|167|169|173|175|177|179|183|187|189|191|193|195|197|199|20|201|204|207|215|229|231|238|239|240|241|243|257|259|261|263|265|267|269|273|283|287|289|311|315|321|323|329|330|333|335|40|50|60|601|61,link|node,flowrate|pressure,49,50,recovery,recovery_transient,leak,109,0.9,6,12
leak_109_sev90_t10_16_event_01,leak_109_sev90_t10_16,1,36000,54000,18000,6,324,warning,2.493713999999997,0.32468272429741346,89,10|101|103|105|107|109|111|112|113|115|116|117|119|120|121|123|125|129|131|133|159|161|163|164|166|167|169|171|173|175|177|179|181|183|184|185|187|189|191|193|195|197|199|20|201|203|204|205|207|211|213|215|217|223|225|229|231|238|239|240|241|243|257|259|261|263|265|267|269|271|273|275|283|287|289|297|307|311|313|315|321|323|329|330|333|35|40|50|60,link|node,flowrate|pressure,114,210,fault_active,primary_fault_event,leak,109,0.9,10,16
leak_109_sev90_t10_16_event_02,leak_109_sev90_t10_16,2,72000,86400,14400,5,199,critical,26.532944,0.9128265621474497,93,10|101|103|105|107|109|111|113|115|116|117|119|120|121|123|125|127|129|131|133|135|139|141|143|145|147|149|15|151|153|155|157|159|161|163|164|166|167|169|171|173|175|177|179|181|183|184|185|187|189|191|193|195|197|199|20|201|204|207|215|229|231|238|239|240|241|243|257|259|261|263|265|267|269|271|273|283|287|289|311|315|321|323|329|330|333|335|35|40|50|60|601|61,link|node,flowrate|pressure,84,115,recovery,recovery_transient,leak,109,0.9,10,16
leak_109_sev90_t14_20_event_01,leak_109_sev90_t14_20,1,50400,86400,36000,11,834,critical,26.636399999999995,0.5385031355403366,111,10|101|103|105|107|109|111|112|113|115|116|117|119|120|121|123|125|127|129|131|133|139|141|143|145|147|149|15|151|153|157|159|161|163|164|166|167|169|171|173|175|177|179|181|183|184|185|187|189|191|193|195|197|199|20|201|203|204|205|206|207|208|209|211|213|215|217|219|223|225|229|231|238|239|240|241|243|257|259|261|263|265|267|269|271|273|275|281|283|287|289|293|295|297|3|307|311|313|315|321|323|329|330|333|335|35|40|50|60|601|61,link|node,flowrate|pressure,440,394,fault_active|recovery,primary_fault_event,leak,109,0.9,14,20
pump_failure_10_sev100_t08_14_event_01,pump_failure_10_sev100_t08_14,1,32400,86400,54000,16,2520,critical,29.1295516,1.3482861472973258,129,1|10|101|103|105|107|109|111|112|113|114|115|116|117|119|120|121|122|123|125|127|129|131|133|139|141|143|145|147|149|15|151|153|157|159|161|163|164|166|167|169|171|173|175|177|179|181|183|184|185|186|187|189|191|193|195|197|199|2|20|201|203|204|205|206|207|208|209|211|213|215|217|219|221|223|225|229|231|237|238|239|240|241|243|247|249|251|253|255|257|259|261|263|265|267|269|271|273|275|281|283|285|287|289|293|295|297|299|3|301|303|305|307|309|311|313|315|321|323|329|330|333|335|35|40|50|60|601|61,link|node,flowrate|pressure,1316,1204,fault_active|recovery,primary_fault_event,pump_failure,10,1.0,8,14
pump_failure_10_sev100_t12_18_event_01,pump_failure_10_sev100_t12_18,1,46800,86400,39600,12,1676,critical,29.0198446,1.1455589787104128,129,1|10|101|103|105|107|109|111|112|113|114|115|116|117|119|120|121|122|123|125|127|129|131|133|139|141|143|145|147|149|15|151|153|157|159|161|163|164|166|167|169|171|173|175|177|179|181|183|184|185|186|187|189|191|193|195|197|199|2|20|201|203|204|205|206|207|208|209|211|213|215|217|219|221|223|225|229|231|237|238|239|240|241|243|247|249|251|253|255|257|259|261|263|265|267|269|271|273|275|281|283|285|287|289|293|295|297|299|3|301|303|305|307|309|311|313|315|321|323|329|330|333|335|35|40|50|60|601|61,link|node,flowrate|pressure,924,752,fault_active|recovery,primary_fault_event,pump_failure,10,1.0,12,18
