scenario,fault_type,target_id,severity,start_hour,end_hour,state,parameter,total_records,changed_records,mean_abs_residual,median_abs_residual,p95_abs_residual,p99_abs_residual,max_abs_residual,changed_fraction
leak_101_sev30_t06_12,leak,101,0.3,6,12,fault_active,demand,582,36,0.0003092782013230242,0.0,0.0006654798850000044,0.008923932324999556,0.015000003000000001,0.061855670103092786
leak_101_sev30_t06_12,leak,101,0.3,6,12,fault_active,flowrate,714,620,0.001325077826254902,0.0005549698499999997,0.005905663500000005,0.007317214199999988,0.007498682,0.8683473389355743
leak_101_sev30_t06_12,leak,101,0.3,6,12,fault_active,pressure,582,564,0.10698329278350528,0.0665844999999976,0.402284649999993,0.8088704400000031,0.871216000000004,0.9690721649484536
leak_101_sev30_t06_12,leak,101,0.3,6,12,normal,demand,582,0,0.0,0.0,0.0,0.0,0.0,0.0
leak_101_sev30_t06_12,leak,101,0.3,6,12,normal,flowrate,714,0,0.0,0.0,0.0,0.0,0.0,0.0
leak_101_sev30_t06_12,leak,101,0.3,6,12,normal,pressure,582,0,0.0,0.0,0.0,0.0,0.0,0.0
leak_101_sev30_t06_12,leak,101,0.3,6,12,recovery,demand,1261,55,2.6899233259317956e-05,0.0,0.0,0.000997712000000009,0.002317028399999999,0.04361617763679619
leak_101_sev30_t06_12,leak,101,0.3,6,12,recovery,flowrate,1547,1336,0.00017928973359461074,2.788419999999979e-05,0.0010482809999999704,0.0015798200000000095,0.002317028399999999,0.8636069812540401
leak_101_sev30_t06_12,leak,101,0.3,6,12,recovery,pressure,1261,1235,0.06319493805709754,0.07302700000000328,0.09140399999999715,0.0995505999999992,0.11414100000000005,0.979381443298969
leak_101_sev30_t10_16,leak,101,0.3,10,16,fault_active,demand,582,35,0.0003092783873711341,0.0,0.0007056642039999966,0.009734598144999614,0.015000001,0.06013745704467354
leak_101_sev30_t10_16,leak,101,0.3,10,16,fault_active,flowrate,714,618,0.0014583231124753193,0.000613499999999989,0.006317182449999999,0.007895555222000005,0.010043832,0.865546218487395
leak_101_sev30_t10_16,leak,101,0.3,10,16,fault_active,pressure,582,564,0.10618054175257713,0.06575799999999887,0.34579085000000204,0.7901254099999998,0.8781049999999979,0.9690721649484536
leak_101_sev30_t10_16,leak,101,0.3,10,16,normal,demand,970,0,0.0,0.0,0.0,0.0,0.0,0.0
leak_101_sev30_t10_16,leak,101,0.3,10,16,normal,flowrate,1190,0,0.0,0.0,0.0,0.0,0.0,0.0
leak_101_sev30_t10_16,leak,101,0.3,10,16,normal,pressure,970,0,0.0,0.0,0.0,0.0,0.0,0.0
leak_101_sev30_t10_16,leak,101,0.3,10,16,recovery,demand,873,36,0.000752345595303551,0.0,0.0,0.0012160508799999978,0.31630307999999996,0.041237113402061855
leak_101_sev30_t10_16,leak,101,0.3,10,16,recovery,flowrate,1071,931,0.004706698938859159,6.648299999999913e-05,0.004661366200000001,0.05527516899999954,0.8314392,0.869281045751634
leak_101_sev30_t10_16,leak,101,0.3,10,16,recovery,pressure,873,855,0.17226438396334479,0.08461400000000197,0.44783879999999954,0.9405035199999977,26.45147,0.979381443298969
leak_101_sev30_t14_20,leak,101,0.3,14,20,fault_active,demand,582,31,0.0003092782938144328,0.0,0.00025965598499999305,0.00959670040999961,0.015000002,0.05326460481099656
leak_101_sev30_t14_20,leak,101,0.3,14,20,fault_active,flowrate,714,622,0.001822800443869584,0.0008894441499999999,0.007559979709999997,0.010230206648,0.0106193137,0.8711484593837535
leak_101_sev30_t14_20,leak,101,0.3,14,20,fault_active,pressure,582,564,0.1355879527835052,0.12547050000000226,0.3537573499999982,0.4582468289999987,0.8289979999999986,0.9690721649484536
leak_101_sev30_t14_20,leak,101,0.3,14,20,normal,demand,1358,0,0.0,0.0,0.0,0.0,0.0,0.0
leak_101_sev30_t14_20,leak,101,0.3,14,20,normal,flowrate,1666,0,0.0,0.0,0.0,0.0,0.0,0.0
leak_101_sev30_t14_20,leak,101,0.3,14,20,normal,pressure,1358,0,0.0,0.0,0.0,0.0,0.0,0.0
leak_101_sev30_t14_20,leak,101,0.3,14,20,recovery,demand,485,20,0.0013676530208247422,0.0,0.0,0.004450183599999971,0.31561664,0.041237113402061855
leak_101_sev30_t14_20,leak,101,0.3,14,20,recovery,flowrate,595,514,0.008650776931960215,0.00024447409999999977,0.010006432,0.25661073909999654,0.83075273,0.8638655462184874
leak_101_sev30_t14_20,leak,101,0.3,14,20,recovery,pressure,485,475,0.3043885600412372,0.13385099999999994,0.6452756000000035,1.1055181999999908,26.485825000000006,0.979381443298969
leak_101_sev60_t06_12,leak,101,0.6,6,12,fault_active,demand,582,36,0.0006185567004639175,0.0,0.0013458492399999967,0.017856887429999115,0.030000002999999997,0.061855670103092786
leak_101_sev60_t06_12,leak,101,0.6,6,12,fault_active,flowrate,714,621,0.0026685346975910355,0.0010825699999999494,0.011883111300000006,0.014703783190000003,0.015008503,0.8697478991596639
leak_101_sev60_t06_12,leak,101,0.6,6,12,fault_active,pressure,582,564,0.21158713024054995,0.13662049999999937,0.7757560499999855,1.5809932899999983,1.704383,0.9690721649484536
leak_101_sev60_t06_12,leak,101,0.6,6,12,normal,demand,582,0,0.0,0.0,0.0,0.0,0.0,0.0
leak_101_sev60_t06_12,leak,101,0.6,6,12,normal,flowrate,714,0,0.0,0.0,0.0,0.0,0.0,0.0
leak_101_sev60_t06_12,leak,101,0.6,6,12,normal,pressure,582,0,0.0,0.0,0.0,0.0,0.0,0.0
leak_101_sev60_t06_12,leak,101,0.6,6,12,recovery,demand,1261,55,0.0005519715325773195,0.0,0.0,0.0021715239999999603,0.31597654,0.04361617763679619
leak_101_sev60_t06_12,leak,101,0.6,6,12,recovery,flowrate,1547,1342,0.0034487624385825338,7.068983000000002e-05,0.0032353289999999856,0.05156820419999998,0.8311126,0.8674854557207499
leak_101_sev60_t06_12,leak,101,0.6,6,12,recovery,pressure,1261,1235,0.19959918630452012,0.14937499999999915,0.3400749999999988,0.9202620000000056,26.467804,0.979381443298969
leak_101_sev60_t10_16,leak,101,0.6,10,16,fault_active,demand,582,35,0.0006185566337628865,0.0,0.0014209703939999918,0.01917309411999921,0.030000001000000005,0.06013745704467354
leak_101_sev60_t10_16,leak,101,0.6,10,16,fault_active,flowrate,714,619,0.0029394827282955894,0.001291899999999957,0.012711815550000003,0.015342061068000023,0.019444653,0.8669467787114846
leak_101_sev60_t10_16,leak,101,0.6,10,16,fault_active,pressure,582,564,0.2136073815120275,0.13444950000000233,0.7408795000000036,1.5481937699999961,1.7237280000000013,0.9690721649484536
leak_101_sev60_t10_16,leak,101,0.6,10,16,normal,demand,970,0,0.0,0.0,0.0,0.0,0.0,0.0
leak_101_sev60_t10_16,leak,101,0.6,10,16,normal,flowrate,1190,0,0.0,0.0,0.0,0.0,0.0,0.0
leak_101_sev60_t10_16,leak,101,0.6,10,16,normal,pressure,970,0,0.0,0.0,0.0,0.0,0.0,0.0
leak_101_sev60_t10_16,leak,101,0.6,10,16,recovery,demand,873,36,0.0007785720909576171,0.0,0.0,0.0024298239999999754,0.31563803999999995,0.041237113402061855
leak_101_sev60_t10_16,leak,101,0.6,10,16,recovery,flowrate,1071,928,0.004949939068714674,0.00013414399999999924,0.004525467,0.05704990099999951,0.8307741,0.8664799253034547
leak_101_sev60_t10_16,leak,101,0.6,10,16,recovery,pressure,873,855,0.2528359977319588,0.17207400000000206,0.5206389999999985,1.037118559999996,26.484750000000005,0.979381443298969
leak_101_sev60_t14_20,leak,101,0.6,14,20,fault_active,demand,582,31,0.0006185568374570446,0.0,0.00047990733499999325,0.0190775224099992,0.030000002999999997,0.05326460481099656
leak_101_sev60_t14_20,leak,101,0.6,14,20,fault_active,flowrate,714,617,0.0037075835661826966,0.0019253064999999996,0.014767643405000001,0.019702785831,0.0200564585,0.8641456582633054
leak_101_sev60_t14_20,leak,101,0.6,14,20,fault_active,pressure,582,564,0.27535044539518894,0.2563970000000033,0.6826318499999977,0.9636819829999991,1.621223999999998,0.9690721649484536
leak_101_sev60_t14_20,leak,101,0.6,14,20,normal,demand,1358,0,0.0,0.0,0.0,0.0,0.0,0.0
leak_101_sev60_t14_20,leak,101,0.6,14,20,normal,flowrate,1666,0,0.0,0.0,0.0,0.0,0.0,0.0
leak_101_sev60_t14_20,leak,101,0.6,14,20,normal,pressure,1358,0,0.0,0.0,0.0,0.0,0.0,0.0
leak_101_sev60_t14_20,leak,101,0.6,14,20,recovery,demand,485,20,0.0027222390752577315,0.0,0.0,0.05531526535999991,0.31852042,0.041237113402061855
leak_101_sev60_t14_20,leak,101,0.6,14,20,recovery,flowrate,595,516,0.017367726629181197,0.0013161089999999993,0.05853125999999999,0.3301111791999895,0.83022016,0.8672268907563025
leak_101_sev60_t14_20,leak,101,0.6,14,20,recovery,pressure,485,475,0.606446833752577,0.33909200000000084,0.9948985999999984,2.012037599999991,26.567899999999995,0.979381443298969
leak_101_sev90_t06_12,leak,101,0.9,6,12,fault_active,demand,582,36,0.0009278349116323023,0.0,0.002086679824999985,0.027022441469998687,0.045000009,0.061855670103092786
leak_101_sev90_t06_12,leak,101,0.9,6,12,fault_active,flowrate,714,620,0.004032554872259226,0.00173505616,0.01842414147500001,0.02225619899,0.022805484,0.8683473389355743
leak_101_sev90_t06_12,leak,101,0.9,6,12,fault_active,pressure,582,564,0.31249477422680405,0.2063730000000028,1.1118059499999788,2.308736649999995,2.4919530000000023,0.9690721649484536
leak_101_sev90_t06_12,leak,101,0.9,6,12,normal,demand,582,0,0.0,0.0,0.0,0.0,0.0,0.0
leak_101_sev90_t06_12,leak,101,0.9,6,12,normal,flowrate,714,0,0.0,0.0,0.0,0.0,0.0,0.0
leak_101_sev90_t06_12,leak,101,0.9,6,12,normal,pressure,582,0,0.0,0.0,0.0,0.0,0.0,0.0
leak_101_sev90_t06_12,leak,101,0.9,6,12,recovery,demand,1261,55,0.0005773154619429025,0.0,0.0,0.003285130000000017,0.31547433999999996,0.04361617763679619
leak_101_sev90_t06_12,leak,101,0.9,6,12,recovery,flowrate,1547,1334,0.003631071571289335,0.00010679199999999792,0.004185695527999993,0.052830505199999975,0.8306104,0.8623141564318035
leak_101_sev90_t06_12,leak,101,0.9,6,12,recovery,pressure,1261,1235,0.2692934925852498,0.22643000000000058,0.3830200000000019,0.9911920000000007,26.492950000000008,0.979381443298969
leak_101_sev90_t10_16,leak,101,0.9,10,16,fault_active,demand,582,35,0.0009278350515463918,0.0,0.002153495273999991,0.028335788999998786,0.045000006,0.06013745704467354
leak_101_sev90_t10_16,leak,101,0.9,10,16,fault_active,flowrate,714,619,0.004428596263732217,0.0019320310500000005,0.019398808400000002,0.023082106600000006,0.0283212752,0.8669467787114846
leak_101_sev90_t10_16,leak,101,0.9,10,16,fault_active,pressure,582,564,0.32197265733676966,0.2058930000000032,1.1050923,2.2666894,2.530298000000002,0.9690721649484536
leak_101_sev90_t10_16,leak,101,0.9,10,16,normal,demand,970,0,0.0,0.0,0.0,0.0,0.0,0.0
leak_101_sev90_t10_16,leak,101,0.9,10,16,normal,flowrate,1190,0,0.0,0.0,0.0,0.0,0.0,0.0
leak_101_sev90_t10_16,leak,101,0.9,10,16,normal,pressure,970,0,0.0,0.0,0.0,0.0,0.0,0.0
leak_101_sev90_t10_16,leak,101,0.9,10,16,recovery,demand,873,36,0.0008058946729438717,0.0,0.0,0.0036592263999999986,0.31493004,0.041237113402061855
leak_101_sev90_t10_16,leak,101,0.9,10,16,recovery,flowrate,1071,932,0.005206253870229481,0.0002051870000000025,0.005121684500000021,0.05895507399999951,0.8300661,0.8702147525676938
leak_101_sev90_t10_16,leak,101,0.9,10,16,recovery,pressure,873,855,0.3363591396563576,0.2633700000000019,0.5978030000000019,1.1391350399999955,26.520196,0.979381443298969
leak_101_sev90_t14_20,leak,101,0.9,14,20,fault_active,demand,582,31,0.0009278351591065292,0.0,0.0006230168849999999,0.028514455749998797,0.045000006,0.05326460481099656
leak_101_sev90_t14_20,leak,101,0.9,14,20,fault_active,flowrate,714,619,0.00563017099757461,0.0029580547999999993,0.021549044200000003,0.028687530571,0.029127048,0.8669467787114846
leak_101_sev90_t14_20,leak,101,0.9,14,20,fault_active,pressure,582,564,0.4223685138728523,0.3882335000000019,1.1025229,1.563033087499999,2.3692980000000006,0.9690721649484536
leak_101_sev90_t14_20,leak,101,0.9,14,20,normal,demand,1358,0,0.0,0.0,0.0,0.0,0.0,0.0
leak_101_sev90_t14_20,leak,101,0.9,14,20,normal,flowrate,1666,0,0.0,0.0,0.0,0.0,0.0,0.0
leak_101_sev90_t14_20,leak,101,0.9,14,20,normal,pressure,1358,0,0.0,0.0,0.0,0.0,0.0,0.0
leak_101_sev90_t14_20,leak,101,0.9,14,20,recovery,demand,485,20,0.0027626138414432993,0.0,0.0,0.058138769479999915,0.31725336000000004,0.041237113402061855
leak_101_sev90_t14_20,leak,101,0.9,14,20,recovery,flowrate,595,516,0.017945990412070595,0.00145541322,0.063336496,0.32892018979998944,0.82895315,0.8672268907563025
leak_101_sev90_t14_20,leak,101,0.9,14,20,recovery,pressure,485,475,0.7339521050309279,0.4925889999999953,1.182032799999996,2.0328993199999865,26.630890000000008,0.979381443298969
leak_105_sev30_t06_12,leak,105,0.3,6,12,fault_active,demand,582,36,0.0003092783664432989,0.0,0.0007823754599999759,0.009955684119999633,0.015000000999999999,0.061855670103092786
leak_105_sev30_t06_12,leak,105,0.3,6,12,fault_active,flowrate,714,623,0.0013889917273482188,0.0005462855000000003,0.007512338600000001,0.008471792749999998,0.008772453,0.8725490196078431
leak_105_sev30_t06_12,leak,105,0.3,6,12,fault_active,pressure,582,564,0.10860336941580759,0.07314449999999795,0.35079435000000087,0.67999813,0.7262139999999988,0.9690721649484536
leak_105_sev30_t06_12,leak,105,0.3,6,12,normal,demand,582,0,0.0,0.0,0.0,0.0,0.0,0.0
leak_105_sev30_t06_12,leak,105,0.3,6,12,normal,flowrate,714,0,0.0,0.0,0.0,0.0,0.0,0.0
leak_105_sev30_t06_12,leak,105,0.3,6,12,normal,pressure,582,0,0.0,0.0,0.0,0.0,0.0,0.0
leak_105_sev30_t06_12,leak,105,0.3,6,12,recovery,demand,1261,55,3.0262082624901e-05,0.0,0.0,0.0011689603999999697,0.0022718389999999995,0.04361617763679619
leak_105_sev30_t06_12,leak,105,0.3,6,12,recovery,flowrate,1547,1336,0.00019675703245373844,3.0465000000000353e-05,0.0011751178100000005,0.0015457328956000021,0.002271840599999999,0.8636069812540401
leak_105_sev30_t06_12,leak,105,0.3,6,12,recovery,pressure,1261,1235,0.07173129238699445,0.08338100000000281,0.1021300000000025,0.11052920000000059,0.12483399999999989,0.979381443298969
leak_105_sev30_t10_16,leak,105,0.3,10,16,fault_active,demand,582,35,0.00030927840158075613,0.0,0.0007621978204999971,0.010692873219999685,0.0150000006,0.06013745704467354
leak_105_sev30_t10_16,leak,105,0.3,10,16,fault_active,flowrate,714,618,0.0014939692756802425,0.0007288533500000006,0.007069663065000001,0.008753598300000004,0.00968256,0.865546218487395
leak_105_sev30_t10_16,leak,105,0.3,10,16,fault_active,pressure,582,564,0.10745816735395175,0.07298999999999722,0.3414560499999997,0.6587132999999964,0.7464999999999975,0.9690721649484536
leak_105_sev30_t10_16,leak,105,0.3,10,16,normal,demand,970,0,0.0,0.0,0.0,0.0,0.0,0.0
leak_105_sev30_t10_16,leak,105,0.3,10,16,normal,flowrate,1190,0,0.0,0.0,0.0,0.0,0.0,0.0
leak_105_sev30_t10_16,leak,105,0.3,10,16,normal,pressure,970,0,0.0,0.0,0.0,0.0,0.0,0.0
leak_105_sev30_t10_16,leak,105,0.3,10,16,recovery,demand,873,36,0.0007541219669530354,0.0,0.0,0.001338354399999972,0.31625214,0.041237113402061855
leak_105_sev30_t10_16,leak,105,0.3,10,16,recovery,flowrate,1071,924,0.004713660824343931,6.652200000000115e-05,0.004658734099999999,0.05537519599999952,0.8313882,0.8627450980392157
leak_105_sev30_t10_16,leak,105,0.3,10,16,recovery,pressure,873,855,0.17914320122565874,0.09377400000000335,0.4539157999999972,0.9479406399999973,26.454009999999997,0.979381443298969
leak_105_sev30_t14_20,leak,105,0.3,14,20,fault_active,demand,582,31,0.0003092782706185565,0.0,0.000275689184999995,0.010222069009999647,0.015000000999999999,0.05326460481099656
leak_105_sev30_t14_20,leak,105,0.3,14,20,fault_active,flowrate,714,621,0.0017689715415423362,0.0009232229999999973,0.0065419847100000065,0.008379730899999995,0.009101319999999996,0.8697478991596639
leak_105_sev30_t14_20,leak,105,0.3,14,20,fault_active,pressure,582,564,0.13437481649484534,0.12387950000000103,0.33660450000000186,0.43894296999999755,0.6834539999999976,0.9690721649484536
leak_105_sev30_t14_20,leak,105,0.3,14,20,normal,demand,1358,0,0.0,0.0,0.0,0.0,0.0,0.0
leak_105_sev30_t14_20,leak,105,0.3,14,20,normal,flowrate,1666,0,0.0,0.0,0.0,0.0,0.0,0.0
leak_105_sev30_t14_20,leak,105,0.3,14,20,normal,pressure,1358,0,0.0,0.0,0.0,0.0,0.0,0.0
leak_105_sev30_t14_20,leak,105,0.3,14,20,recovery,demand,485,20,0.001364336950515464,0.0,0.0,0.004247166439999972,0.31566854,0.041237113402061855
leak_105_sev30_t14_20,leak,105,0.3,14,20,recovery,flowrate,595,514,0.008619084050306276,0.00023284599999999999,0.00992155809,0.25690434129999656,0.83080465,0.8638655462184874
leak_105_sev30_t14_20,leak,105,0.3,14,20,recovery,pressure,485,475,0.2999873996082474,0.13010000000000588,0.6401132000000003,1.098444719999992,26.483230000000006,0.979381443298969
leak_105_sev60_t06_12,leak,105,0.6,6,12,fault_active,demand,582,36,0.0006185568056185567,0.0,0.0015276410199999868,0.020159188499999276,0.030000003999999997,0.061855670103092786
leak_105_sev60_t06_12,leak,105,0.6,6,12,fault_active,flowrate,714,625,0.002789498894677775,0.0011560655000000016,0.015419645850000002,0.017119459999999996,0.017850849999999994,0.8753501400560224
leak_105_sev60_t06_12,leak,105,0.6,6,12,fault_active,pressure,582,564,0.2113161558419243,0.14896200000000093,0.6649798999999986,1.281662370000004,1.371407000000005,0.9690721649484536
leak_105_sev60_t06_12,leak,105,0.6,6,12,normal,demand,582,0,0.0,0.0,0.0,0.0,0.0,0.0
leak_105_sev60_t06_12,leak,105,0.6,6,12,normal,flowrate,714,0,0.0,0.0,0.0,0.0,0.0,0.0
leak_105_sev60_t06_12,leak,105,0.6,6,12,normal,pressure,582,0,0.0,0.0,0.0,0.0,0.0,0.0
leak_105_sev60_t06_12,leak,105,0.6,6,12,recovery,demand,1261,55,0.0005576633169944488,0.0,0.0,0.0024792599999999615,0.31584478000000005,0.04361617763679619
leak_105_sev60_t06_12,leak,105,0.6,6,12,recovery,flowrate,1547,1336,0.003479039004820872,7.242950000000033e-05,0.0030643229999999847,0.05188102259999999,0.83098084,0.8636069812540401
leak_105_sev60_t06_12,leak,105,0.6,6,12,recovery,pressure,1261,1235,0.21756031638382237,0.17032199999999875,0.35168000000000177,0.9389300000000049,26.474419999999995,0.979381443298969
leak_105_sev60_t10_16,leak,105,0.6,10,16,fault_active,demand,582,35,0.0006185567253436427,0.0,0.0015388699209999994,0.02100401039999934,0.0300000046,0.06013745704467354
leak_105_sev60_t10_16,leak,105,0.6,10,16,fault_active,flowrate,714,619,0.0030133245009934836,0.001434347150000001,0.014100838660000005,0.01752627966,0.018893839999999995,0.8669467787114846
leak_105_sev60_t10_16,leak,105,0.6,10,16,fault_active,pressure,582,564,0.21365143462199307,0.14972749999999735,0.6748708999999985,1.2418778,1.4246999999999943,0.9690721649484536
leak_105_sev60_t10_16,leak,105,0.6,10,16,normal,demand,970,0,0.0,0.0,0.0,0.0,0.0,0.0
leak_105_sev60_t10_16,leak,105,0.6,10,16,normal,flowrate,1190,0,0.0,0.0,0.0,0.0,0.0,0.0
leak_105_sev60_t10_16,leak,105,0.6,10,16,normal,pressure,970,0,0.0,0.0,0.0,0.0,0.0,0.0
leak_105_sev60_t10_16,leak,105,0.6,10,16,recovery,demand,873,36,0.0007818410495807559,0.0,0.0,0.0026837299999999766,0.31553504,0.041237113402061855
leak_105_sev60_t10_16,leak,105,0.6,10,16,recovery,flowrate,1071,928,0.004963301787381002,0.00012530479999999997,0.004498175,0.05726168799999954,0.8306711,0.8664799253034547
leak_105_sev60_t10_16,leak,105,0.6,10,16,recovery,pressure,873,855,0.266774189862543,0.18946600000000302,0.5327833999999981,1.0521154799999999,26.489914,0.979381443298969
leak_105_sev60_t14_20,leak,105,0.6,14,20,fault_active,demand,582,31,0.0006185567587628865,0.0,0.0005019354349999974,0.019959167156999268,0.0300000046,0.05326460481099656
leak_105_sev60_t14_20,leak,105,0.6,14,20,fault_active,flowrate,714,618,0.003619871570205596,0.001881943,0.012998401650000003,0.01663142357,0.01781826999999997,0.865546218487395
leak_105_sev60_t14_20,leak,105,0.6,14,20,fault_active,pressure,582,564,0.272130061185567,0.2527584999999988,0.6834558000000003,0.905374159999998,1.294473999999994,0.9690721649484536
leak_105_sev60_t14_20,leak,105,0.6,14,20,normal,demand,1358,0,0.0,0.0,0.0,0.0,0.0,0.0
leak_105_sev60_t14_20,leak,105,0.6,14,20,normal,flowrate,1666,0,0.0,0.0,0.0,0.0,0.0,0.0
leak_105_sev60_t14_20,leak,105,0.6,14,20,normal,pressure,1358,0,0.0,0.0,0.0,0.0,0.0,0.0
leak_105_sev60_t14_20,leak,105,0.6,14,20,recovery,demand,485,20,0.0027185958855670106,0.0,0.0,0.055006249599999904,0.3186286100000001,0.041237113402061855
leak_105_sev60_t14_20,leak,105,0.6,14,20,recovery,flowrate,595,515,0.017317186251913308,0.0013071620000000006,0.058078388999999966,0.33021287779998953,0.83032835,0.865546218487395
leak_105_sev60_t14_20,leak,105,0.6,14,20,recovery,pressure,485,475,0.5957216687216494,0.32637499999999875,0.9789027999999983,2.0102566399999904,26.562529999999995,0.979381443298969
leak_105_sev90_t06_12,leak,105,0.9,6,12,fault_active,demand,582,36,0.0009278350066494845,0.0,0.0022802233899999976,0.030721162049998956,0.045000004999999996,0.061855670103092786
leak_105_sev90_t06_12,leak,105,0.9,6,12,fault_active,flowrate,714,624,0.004214600780197843,0.0017320701499999999,0.02385844299999999,0.026457562809999998,0.027371805,0.8739495798319328
leak_105_sev90_t06_12,leak,105,0.9,6,12,fault_active,pressure,582,564,0.30612382164948454,0.22585499999999925,0.9340751500000024,1.7876487399999947,1.9247840000000025,0.9690721649484536
leak_105_sev90_t06_12,leak,105,0.9,6,12,normal,demand,582,0,0.0,0.0,0.0,0.0,0.0,0.0
leak_105_sev90_t06_12,leak,105,0.9,6,12,normal,flowrate,714,0,0.0,0.0,0.0,0.0,0.0,0.0
leak_105_sev90_t06_12,leak,105,0.9,6,12,normal,pressure,582,0,0.0,0.0,0.0,0.0,0.0,0.0
leak_105_sev90_t06_12,leak,105,0.9,6,12,recovery,demand,1261,55,0.0005856002159873118,0.0,0.0,0.0037488840000000087,0.31527494,0.04361617763679619
leak_105_sev90_t06_12,leak,105,0.9,6,12,recovery,flowrate,1547,1340,0.00367317055028441,0.00010526939999999999,0.004303539999999995,0.05332168979999998,0.830411,0.8661926308985133
leak_105_sev90_t06_12,leak,105,0.9,6,12,recovery,pressure,1261,1235,0.2961133215622521,0.25775499999999596,0.399950000000004,1.0193354000000023,26.502939999999995,0.979381443298969
leak_105_sev90_t10_16,leak,105,0.9,10,16,fault_active,demand,582,35,0.0009278351380584192,0.0,0.0023241637359999985,0.030993279119998975,0.045000003,0.06013745704467354
leak_105_sev90_t10_16,leak,105,0.9,10,16,fault_active,flowrate,714,619,0.004549978183465607,0.002091594500000002,0.022095454815000005,0.02666423138,0.027707751999999995,0.8669467787114846
leak_105_sev90_t10_16,leak,105,0.9,10,16,fault_active,pressure,582,564,0.3176539865979381,0.22813599999999923,0.9814257000000027,1.726419659999998,2.0152219999999943,0.9690721649484536
leak_105_sev90_t10_16,leak,105,0.9,10,16,normal,demand,970,0,0.0,0.0,0.0,0.0,0.0,0.0
leak_105_sev90_t10_16,leak,105,0.9,10,16,normal,flowrate,1190,0,0.0,0.0,0.0,0.0,0.0,0.0
leak_105_sev90_t10_16,leak,105,0.9,10,16,normal,pressure,970,0,0.0,0.0,0.0,0.0,0.0,0.0
leak_105_sev90_t10_16,leak,105,0.9,10,16,recovery,demand,873,36,0.001533534566742268,0.0,0.0,0.006801090719999966,0.3192684600000001,0.041237113402061855
leak_105_sev90_t10_16,leak,105,0.9,10,16,recovery,flowrate,1071,932,0.00971657769133963,0.0002773681000000001,0.012481752999999998,0.314719812,0.83096826,0.8702147525676938
leak_105_sev90_t10_16,leak,105,0.9,10,16,recovery,pressure,873,855,0.42724274177548677,0.2929320000000004,0.7165426000000022,1.2538515999999962,26.530724000000006,0.979381443298969
leak_105_sev90_t14_20,leak,105,0.9,14,20,fault_active,demand,582,31,0.0009278350824742268,0.0,0.0007945060849999685,0.029322409689998854,0.0450000053,0.05326460481099656
leak_105_sev90_t14_20,leak,105,0.9,14,20,fault_active,flowrate,714,617,0.005528455902676512,0.00288105948,0.020125635625000002,0.024804190000000004,0.026639159999999995,0.8641456582633054
leak_105_sev90_t14_20,leak,105,0.9,14,20,fault_active,pressure,582,564,0.41574812910652925,0.3851885000000017,1.1192054499999997,1.393092609999999,1.8138669999999948,0.9690721649484536
leak_105_sev90_t14_20,leak,105,0.9,14,20,normal,demand,1358,0,0.0,0.0,0.0,0.0,0.0,0.0
leak_105_sev90_t14_20,leak,105,0.9,14,20,normal,flowrate,1666,0,0.0,0.0,0.0,0.0,0.0,0.0
leak_105_sev90_t14_20,leak,105,0.9,14,20,normal,pressure,1358,0,0.0,0.0,0.0,0.0,0.0,0.0
leak_105_sev90_t14_20,leak,105,0.9,14,20,recovery,demand,485,20,0.0027582202820618552,0.0,0.0,0.057716108359999914,0.31735521,0.041237113402061855
leak_105_sev90_t14_20,leak,105,0.9,14,20,recovery,flowrate,595,514,0.017887479221281023,0.00144741552,0.06281990399999998,0.3290158817999894,0.829055,0.8638655462184874
leak_105_sev90_t14_20,leak,105,0.9,14,20,recovery,pressure,485,475,0.7245258402268042,0.4820709999999977,1.1670675999999947,2.031229519999985,26.62585,0.979381443298969
leak_109_sev30_t06_12,leak,109,0.3,6,12,fault_active,demand,582,36,0.0003092782734879725,0.0,0.00073709926,0.009441173739999592,0.015000000999999999,0.061855670103092786
leak_109_sev30_t06_12,leak,109,0.3,6,12,fault_active,flowrate,714,621,0.0014014284001409186,0.0006096000000000157,0.006362678150000004,0.008122682639999993,0.009466200000000008,0.8697478991596639
leak_109_sev30_t06_12,leak,109,0.3,6,12,fault_active,pressure,582,564,0.11107882920962187,0.07476199999999622,0.3405253500000037,0.7067961299999964,0.8643879999999982,0.9690721649484536
leak_109_sev30_t06_12,leak,109,0.3,6,12,normal,demand,582,0,0.0,0.0,0.0,0.0,0.0,0.0
leak_109_sev30_t06_12,leak,109,0.3,6,12,normal,flowrate,714,0,0.0,0.0,0.0,0.0,0.0,0.0
leak_109_sev30_t06_12,leak,109,0.3,6,12,normal,pressure,582,0,0.0,0.0,0.0,0.0,0.0,0.0
leak_109_sev30_t06_12,leak,109,0.3,6,12,recovery,demand,1261,55,3.0006949199048412e-05,0.0,0.0,0.0010922480000000543,0.0028072146999999995,0.04361617763679619
leak_109_sev30_t06_12,leak,109,0.3,6,12,recovery,flowrate,1547,1334,0.0002031275274153492,3.214110000000032e-05,0.0011473049999999954,0.0019023108336000002,0.0028072146999999995,0.8623141564318035
leak_109_sev30_t06_12,leak,109,0.3,6,12,recovery,pressure,1261,1235,0.06963519183187941,0.0801620000000014,0.10138299999999845,0.11153040000000093,0.12887939999999976,0.979381443298969
leak_109_sev30_t10_16,leak,109,0.3,10,16,fault_active,demand,582,35,0.00030927797139175257,0.0,0.0008023455139999952,0.010372664209999658,0.015000003000000001,0.06013745704467354
leak_109_sev30_t10_16,leak,109,0.3,10,16,fault_active,flowrate,714,618,0.001502825732426636,0.0006554344999999875,0.006642348399999999,0.009278523369999996,0.010695332,0.865546218487395
leak_109_sev30_t10_16,leak,109,0.3,10,16,fault_active,pressure,582,564,0.1095862018900343,0.0741125000000018,0.3213852500000053,0.6624800800000015,0.8681999999999945,0.9690721649484536
leak_109_sev30_t10_16,leak,109,0.3,10,16,normal,demand,970,0,0.0,0.0,0.0,0.0,0.0,0.0
leak_109_sev30_t10_16,leak,109,0.3,10,16,normal,flowrate,1190,0,0.0,0.0,0.0,0.0,0.0,0.0
leak_109_sev30_t10_16,leak,109,0.3,10,16,normal,pressure,970,0,0.0,0.0,0.0,0.0,0.0,0.0
leak_109_sev30_t10_16,leak,109,0.3,10,16,recovery,demand,873,36,0.0007546748236082475,0.0,0.0,0.0012997127999999454,0.31624944,0.041237113402061855
leak_109_sev30_t10_16,leak,109,0.3,10,16,recovery,flowrate,1071,924,0.004728627433510347,7.239300000000046e-05,0.0046581860999999995,0.05542610999999952,0.8313855,0.8627450980392157
leak_109_sev30_t10_16,leak,109,0.3,10,16,recovery,pressure,873,855,0.17850392651775496,0.0912419999999976,0.4536134000000004,0.9483025599999999,26.45415,0.979381443298969
leak_109_sev30_t14_20,leak,109,0.3,14,20,fault_active,demand,582,31,0.00030927835738831606,0.0,0.00029661101499999003,0.009600880009999603,0.015000003000000001,0.05326460481099656
leak_109_sev30_t14_20,leak,109,0.3,14,20,fault_active,flowrate,714,619,0.0017444628775157183,0.000876511,0.007134130335,0.008530256999999989,0.011466326,0.8669467787114846
leak_109_sev30_t14_20,leak,109,0.3,14,20,fault_active,pressure,582,564,0.13607301168384883,0.12775099999999995,0.3425716500000031,0.4465867830000003,0.80809,0.9690721649484536
leak_109_sev30_t14_20,leak,109,0.3,14,20,normal,demand,1358,0,0.0,0.0,0.0,0.0,0.0,0.0
leak_109_sev30_t14_20,leak,109,0.3,14,20,normal,flowrate,1666,0,0.0,0.0,0.0,0.0,0.0,0.0
leak_109_sev30_t14_20,leak,109,0.3,14,20,normal,pressure,1358,0,0.0,0.0,0.0,0.0,0.0,0.0
leak_109_sev30_t14_20,leak,109,0.3,14,20,recovery,demand,485,20,0.001368776429690722,0.0,0.0,0.00453123855999997,0.31559170000000003,0.041237113402061855
leak_109_sev30_t14_20,leak,109,0.3,14,20,recovery,flowrate,595,514,0.008661863478526812,0.00024814979999999986,0.010054003999999998,0.2564999300999966,0.8307278,0.8638655462184874
leak_109_sev30_t14_20,leak,109,0.3,14,20,recovery,pressure,485,475,0.30687532610309287,0.13680300000000045,0.6480538000000023,1.1089737999999918,26.487083999999996,0.979381443298969
leak_109_sev60_t06_12,leak,109,0.6,6,12,fault_active,demand,582,36,0.0006185565679896907,0.0,0.001533406629999991,0.018804814229999186,0.030000004,0.061855670103092786
leak_109_sev60_t06_12,leak,109,0.6,6,12,fault_active,flowrate,714,624,0.0028207445716750845,0.001230606499999981,0.01294924189999999,0.016178783000000002,0.019184919999999994,0.8739495798319328
leak_109_sev60_t06_12,leak,109,0.6,6,12,fault_active,pressure,582,564,0.22000907044673554,0.1526539999999983,0.6658494500000026,1.3728701999999866,1.6890410000000031,0.9690721649484536
leak_109_sev60_t06_12,leak,109,0.6,6,12,normal,demand,582,0,0.0,0.0,0.0,0.0,0.0,0.0
leak_109_sev60_t06_12,leak,109,0.6,6,12,normal,flowrate,714,0,0.0,0.0,0.0,0.0,0.0,0.0
leak_109_sev60_t06_12,leak,109,0.6,6,12,normal,pressure,582,0,0.0,0.0,0.0,0.0,0.0,0.0
leak_109_sev60_t06_12,leak,109,0.6,6,12,recovery,demand,1261,55,0.0005576687009992069,0.0,0.0,0.0023730779999999977,0.31587913999999995,0.04361617763679619
leak_109_sev60_t06_12,leak,109,0.6,6,12,recovery,flowrate,1547,1337,0.003497912810838766,8.269100000000003e-05,0.003615820999999999,0.0518199448,0.8310153,0.8642533936651584
leak_109_sev60_t06_12,leak,109,0.6,6,12,recovery,pressure,1261,1235,0.2134445081522602,0.16396600000000028,0.34836500000000115,0.9340038000000023,26.47269,0.979381443298969
leak_109_sev60_t10_16,leak,109,0.6,10,16,fault_active,demand,582,35,0.000618556599742268,0.0,0.0016247703639999886,0.020334305639999294,0.030000003,0.06013745704467354
leak_109_sev60_t10_16,leak,109,0.6,10,16,fault_active,flowrate,714,619,0.003029652297151516,0.0013777199999999712,0.013025120365,0.01804793179,0.021023493999999997,0.8669467787114846
leak_109_sev60_t10_16,leak,109,0.6,10,16,fault_active,pressure,582,564,0.2208701562542955,0.15182550000000106,0.6323100500000026,1.2887382999999974,1.7028999999999996,0.9690721649484536
leak_109_sev60_t10_16,leak,109,0.6,10,16,normal,demand,970,0,0.0,0.0,0.0,0.0,0.0,0.0
leak_109_sev60_t10_16,leak,109,0.6,10,16,normal,flowrate,1190,0,0.0,0.0,0.0,0.0,0.0,0.0
leak_109_sev60_t10_16,leak,109,0.6,10,16,normal,pressure,970,0,0.0,0.0,0.0,0.0,0.0,0.0
leak_109_sev60_t10_16,leak,109,0.6,10,16,recovery,demand,873,36,0.0007839666026861397,0.0,0.0,0.00260391959999997,0.31551794,0.041237113402061855
leak_109_sev60_t10_16,leak,109,0.6,10,16,recovery,flowrate,1071,923,0.005001025003467814,0.000152358,0.00448412395,0.057394789999999536,0.830654,0.861811391223156
leak_109_sev60_t10_16,leak,109,0.6,10,16,recovery,pressure,873,855,0.2663062565979382,0.18624799999999908,0.5334530000000001,1.0545251199999999,26.49078,0.979381443298969
leak_109_sev60_t14_20,leak,109,0.6,14,20,fault_active,demand,582,31,0.0006185567999999999,0.0,0.0005293406349999908,0.0191078732999992,0.030000006000000003,0.05326460481099656
leak_109_sev60_t14_20,leak,109,0.6,14,20,fault_active,flowrate,714,621,0.0035809238861455243,0.0018342554999999997,0.014161489110000003,0.01702129449999999,0.021850449,0.8697478991596639
leak_109_sev60_t14_20,leak,109,0.6,14,20,fault_active,pressure,582,564,0.27553451682130586,0.2620085000000003,0.6473576999999956,0.9184830100000043,1.575645999999999,0.9690721649484536
leak_109_sev60_t14_20,leak,109,0.6,14,20,normal,demand,1358,0,0.0,0.0,0.0,0.0,0.0,0.0
leak_109_sev60_t14_20,leak,109,0.6,14,20,normal,flowrate,1666,0,0.0,0.0,0.0,0.0,0.0,0.0
leak_109_sev60_t14_20,leak,109,0.6,14,20,normal,pressure,1358,0,0.0,0.0,0.0,0.0,0.0,0.0
leak_109_sev60_t14_20,leak,109,0.6,14,20,recovery,demand,485,20,0.0027242281832989693,0.0,0.0,0.05545375675999991,0.31844646,0.041237113402061855
leak_109_sev60_t14_20,leak,109,0.6,14,20,recovery,flowrate,595,515,0.017395913860561996,0.0013212940000000006,0.058769086999999984,0.3300417037999895,0.8301462,0.865546218487395
leak_109_sev60_t14_20,leak,109,0.6,14,20,recovery,pressure,485,475,0.6141424849896905,0.347888999999995,1.0058305999999966,2.0132542799999915,26.571579999999997,0.979381443298969
leak_109_sev90_t06_12,leak,109,0.9,6,12,fault_active,demand,582,36,0.0009278349758934707,0.0,0.002406123049999982,0.028170570249998778,0.045000005,0.061855670103092786
leak_109_sev90_t06_12,leak,109,0.9,6,12,fault_active,flowrate,714,625,0.004255685982609231,0.0018792047499999998,0.0197313498,0.024222926000000006,0.029212863,0.8753501400560224
leak_109_sev90_t06_12,leak,109,0.9,6,12,fault_active,pressure,582,564,0.325559557216495,0.2349919999999983,0.9656656500000025,1.9908741199999753,2.4649009999999976,0.9690721649484536
leak_109_sev90_t06_12,leak,109,0.9,6,12,normal,demand,582,0,0.0,0.0,0.0,0.0,0.0,0.0
leak_109_sev90_t06_12,leak,109,0.9,6,12,normal,flowrate,714,0,0.0,0.0,0.0,0.0,0.0,0.0
leak_109_sev90_t06_12,leak,109,0.9,6,12,normal,pressure,582,0,0.0,0.0,0.0,0.0,0.0,0.0
leak_109_sev90_t06_12,leak,109,0.9,6,12,recovery,demand,1261,55,0.0005865058750721649,0.0,0.0,0.003584959999999974,0.31532373999999996,0.04361617763679619
leak_109_sev90_t06_12,leak,109,0.9,6,12,recovery,flowrate,1547,1339,0.003711848221055604,0.00012560799999999928,0.004450394900000001,0.05323429959999999,0.8304598,0.865546218487395
leak_109_sev90_t06_12,leak,109,0.9,6,12,recovery,pressure,1261,1235,0.29053645784298177,0.24818499999999943,0.3953920000000011,1.012379000000004,26.500500000000002,0.979381443298969
leak_109_sev90_t10_16,leak,109,0.9,10,16,fault_active,demand,582,35,0.0009278349390378007,0.0,0.0024732990839999775,0.029908270539998897,0.045000005,0.06013745704467354
leak_109_sev90_t10_16,leak,109,0.9,10,16,fault_active,flowrate,714,619,0.004568127761707781,0.0021221475,0.01970154065,0.026337513919999996,0.031032894999999998,0.8669467787114846
leak_109_sev90_t10_16,leak,109,0.9,10,16,fault_active,pressure,582,564,0.33361771856701,0.2323537,0.9477939500000001,1.8719978999999944,2.493713999999997,0.9690721649484536
leak_109_sev90_t10_16,leak,109,0.9,10,16,normal,demand,970,0,0.0,0.0,0.0,0.0,0.0,0.0
leak_109_sev90_t10_16,leak,109,0.9,10,16,normal,flowrate,1190,0,0.0,0.0,0.0,0.0,0.0,0.0
leak_109_sev90_t10_16,leak,109,0.9,10,16,normal,pressure,970,0,0.0,0.0,0.0,0.0,0.0,0.0
leak_109_sev90_t10_16,leak,109,0.9,10,16,recovery,demand,873,36,0.0015382737327262312,0.0,0.0,0.007017362239999964,0.3192237600000001,0.041237113402061855
leak_109_sev90_t10_16,leak,109,0.9,10,16,recovery,flowrate,1071,931,0.009785072138726977,0.000326254000000005,0.012526761,0.31467533999999997,0.8309235,0.869281045751634
leak_109_sev90_t10_16,leak,109,0.9,10,16,recovery,pressure,873,855,0.4286791186597936,0.28935999999999495,0.7207458000000029,1.2598276799999952,26.532944,0.979381443298969
leak_109_sev90_t14_20,leak,109,0.9,14,20,fault_active,demand,582,31,0.0009278354393470789,0.0,0.000729238634999995,0.028553375439998797,0.045000004999999996,0.05326460481099656
leak_109_sev90_t14_20,leak,109,0.9,14,20,fault_active,flowrate,714,621,0.005455767917241854,0.00299877011,0.021468208710000002,0.02546647985,0.032043058,0.8697478991596639
leak_109_sev90_t14_20,leak,109,0.9,14,20,fault_active,pressure,582,564,0.42183938855670117,0.39730450000000417,1.0097799999999937,1.4794048499999972,2.2941299999999956,0.9690721649484536
leak_109_sev90_t14_20,leak,109,0.9,14,20,normal,demand,1358,0,0.0,0.0,0.0,0.0,0.0,0.0
leak_109_sev90_t14_20,leak,109,0.9,14,20,normal,flowrate,1666,0,0.0,0.0,0.0,0.0,0.0,0.0
leak_109_sev90_t14_20,leak,109,0.9,14,20,normal,pressure,1358,0,0.0,0.0,0.0,0.0,0.0,0.0
leak_109_sev90_t14_20,leak,109,0.9,14,20,recovery,demand,485,20,0.0027660373778762887,0.0,0.0,0.05842551807999991,0.31714206,0.041237113402061855
leak_109_sev90_t14_20,leak,109,0.9,14,20,recovery,flowrate,595,516,0.017991732080920617,0.0014834492,0.063722923,0.32881563359998944,0.82884187,0.8672268907563025
leak_109_sev90_t14_20,leak,109,0.9,14,20,recovery,pressure,485,475,0.7452881268865976,0.5061649999999958,1.1983899999999919,2.035300079999987,26.636399999999995,0.979381443298969
pump_failure_10_sev100_t08_14,pump_failure,10,1.0,8,14,fault_active,demand,582,25,0.004529898539742268,0.0,0.0,0.2075765635,0.33942792000000005,0.0429553264604811
pump_failure_10_sev100_t08_14,pump_failure,10,1.0,8,14,fault_active,flowrate,714,526,0.030470094441093783,0.006589926247,0.120081986,0.3394279109000001,0.83034456,0.7366946778711485
pump_failure_10_sev100_t08_14,pump_failure,10,1.0,8,14,fault_active,pressure,582,475,1.8635174324261168,1.2875370000000004,5.549751499999998,26.4342565,28.874134222000002,0.8161512027491409
pump_failure_10_sev100_t08_14,pump_failure,10,1.0,8,14,normal,demand,776,3,5.154639179250963e-12,0.0,0.0,0.0,1.9999999989472883e-09,0.003865979381443299
pump_failure_10_sev100_t08_14,pump_failure,10,1.0,8,14,normal,flowrate,952,14,5.157196850025071e-11,0.0,0.0,3.49000000119012e-10,1.6096257e-08,0.014705882352941176
pump_failure_10_sev100_t08_14,pump_failure,10,1.0,8,14,normal,pressure,776,0,0.0,0.0,0.0,0.0,0.0,0.0
pump_failure_10_sev100_t08_14,pump_failure,10,1.0,8,14,recovery,demand,1067,54,0.005510139916963449,0.0,0.0002030823899999803,0.20570874139999995,0.34278190000000003,0.05060918462980318
pump_failure_10_sev100_t08_14,pump_failure,10,1.0,8,14,recovery,flowrate,1309,1151,0.037556434559623236,0.013198657700000001,0.13402025679999843,0.4874964996171129,0.83314663,0.8792971734148205
pump_failure_10_sev100_t08_14,pump_failure,10,1.0,8,14,recovery,pressure,1067,1045,2.147090136035614,1.3647200000000055,6.013318999999993,26.700659100000003,29.1295516,0.979381443298969
pump_failure_10_sev100_t12_18,pump_failure,10,1.0,12,18,fault_active,demand,582,24,0.0026456516674054982,0.0,0.0,0.0748450350899968,0.3242940999999999,0.041237113402061855
pump_failure_10_sev100_t12_18,pump_failure,10,1.0,12,18,fault_active,flowrate,714,535,0.01670806217778025,0.0010464105000000008,0.07925841860000014,0.24819014230000003,0.82849574,0.7492997198879552
pump_failure_10_sev100_t12_18,pump_failure,10,1.0,12,18,fault_active,pressure,582,475,1.0197415091237114,0.7532384999999984,2.894713549999995,8.86744232999997,28.2534867,0.8161512027491409
pump_failure_10_sev100_t12_18,pump_failure,10,1.0,12,18,normal,demand,1164,8,2.3109965636167905e-11,0.0,0.0,0.0,8.099999999943222e-09,0.006872852233676976
pump_failure_10_sev100_t12_18,pump_failure,10,1.0,12,18,normal,flowrate,1428,55,1.4591492573694093e-10,0.0,0.0,3.999999997894577e-09,3.9999999978945766e-08,0.03851540616246499
pump_failure_10_sev100_t12_18,pump_failure,10,1.0,12,18,normal,pressure,1164,0,0.0,0.0,0.0,0.0,0.0,0.0
pump_failure_10_sev100_t12_18,pump_failure,10,1.0,12,18,recovery,demand,679,34,0.005837142866715758,0.0,0.0002698614500000613,0.21075249280000002,0.33606047,0.050073637702503684
pump_failure_10_sev100_t12_18,pump_failure,10,1.0,12,18,recovery,flowrate,833,733,0.03989941805892736,0.011201461,0.17818652399999982,0.4961921409454548,0.83314663,0.879951980792317
pump_failure_10_sev100_t12_18,pump_failure,10,1.0,12,18,recovery,pressure,679,665,1.9627158273195875,1.1612089999999995,5.748720499999997,26.661619200000004,29.0198446,0.979381443298969
blockage_103_sev100_t08_14,blockage,103,1.0,8,14,fault_active,demand,582,30,0.0009149940774570448,0.0,0.0008017999999999532,0.03266969510499916,0.04475582,0.05154639175257732
blockage_103_sev100_t08_14,blockage,103,1.0,8,14,fault_active,flowrate,714,619,0.01185258570735828,0.0035211202999999996,0.04427641900000002,0.11006700374,0.11040309,0.8669467787114846
blockage_103_sev100_t08_14,blockage,103,1.0,8,14,fault_active,pressure,582,564,0.6754481725085911,0.3148169999999979,3.0707054499999975,7.649432409999842,9.871406999999998,0.9690721649484536
blockage_103_sev100_t08_14,blockage,103,1.0,8,14,normal,demand,776,3,5.154639179250963e-12,0.0,0.0,0.0,1.9999999989472883e-09,0.003865979381443299
blockage_103_sev100_t08_14,blockage,103,1.0,8,14,normal,flowrate,952,14,5.157196850025071e-11,0.0,0.0,3.49000000119012e-10,1.6096257e-08,0.014705882352941176
blockage_103_sev100_t08_14,blockage,103,1.0,8,14,normal,pressure,776,0,0.0,0.0,0.0,0.0,0.0,0.0
blockage_103_sev100_t08_14,blockage,103,1.0,8,14,recovery,demand,1067,45,0.0013259517098125585,0.0,0.0,0.008884981079999866,0.31847746,0.04217432052483599
blockage_103_sev100_t08_14,blockage,103,1.0,8,14,recovery,flowrate,1309,1134,0.00857897760999148,0.00039241400000000065,0.013439045,0.25177193640000034,0.83017725,0.8663101604278075
blockage_103_sev100_t08_14,blockage,103,1.0,8,14,recovery,pressure,1067,1045,0.4693571105810683,0.3560450000000017,0.7679038999999974,1.3093537200000012,26.570144999999997,0.979381443298969
blockage_103_sev100_t12_18,blockage,103,1.0,12,18,fault_active,demand,582,27,0.0005312088826116839,0.0,0.0,0.018988622802399793,0.04475633999999998,0.04639175257731959
blockage_103_sev100_t12_18,blockage,103,1.0,12,18,fault_active,flowrate,714,615,0.0067502536735256965,0.0011139155000000006,0.027444510550000037,0.109493123,0.11036955,0.8613445378151261
blockage_103_sev100_t12_18,blockage,103,1.0,12,18,fault_active,pressure,582,564,0.387939472508591,0.22348450000000142,1.0161378999999897,5.466441309999906,9.967059999999996,0.9690721649484536
blockage_103_sev100_t12_18,blockage,103,1.0,12,18,normal,demand,1164,8,2.3109965636167905e-11,0.0,0.0,0.0,8.099999999943222e-09,0.006872852233676976
blockage_103_sev100_t12_18,blockage,103,1.0,12,18,normal,flowrate,1428,55,1.4591492573694093e-10,0.0,0.0,3.999999997894577e-09,3.9999999978945766e-08,0.03851540616246499
blockage_103_sev100_t12_18,blockage,103,1.0,12,18,normal,pressure,1164,0,0.0,0.0,0.0,0.0,0.0,0.0
blockage_103_sev100_t12_18,blockage,103,1.0,12,18,recovery,demand,679,28,0.0010146757031958761,0.0,0.0,0.004375493680000035,0.31525353999999994,0.041237113402061855
blockage_103_sev100_t12_18,blockage,103,1.0,12,18,recovery,flowrate,833,720,0.006500714243106291,0.0002413209999999992,0.0064258136,0.24720956672,0.8303896,0.8643457382953181
blockage_103_sev100_t12_18,blockage,103,1.0,12,18,recovery,pressure,679,665,0.3006656665979383,0.18749700000000047,0.6380687000000038,1.1172274400000002,26.504006000000004,0.979381443298969
blockage_105_sev100_t08_14,blockage,105,1.0,8,14,fault_active,demand,582,30,0.000627709260790378,0.0,0.0005447829149999603,0.024541336669999605,0.031146280000000026,0.05154639175257732
blockage_105_sev100_t08_14,blockage,105,1.0,8,14,fault_active,flowrate,714,624,0.007670064309025258,0.0008521794999999995,0.04819724303000004,0.056618545902999994,0.085437275,0.8739495798319328
blockage_105_sev100_t08_14,blockage,105,1.0,8,14,fault_active,pressure,582,564,0.3883989240549828,0.12538999999999945,2.151715099999999,6.38918377999996,7.059879000000002,0.9690721649484536
blockage_105_sev100_t08_14,blockage,105,1.0,8,14,normal,demand,776,3,5.154639179250963e-12,0.0,0.0,0.0,1.9999999989472883e-09,0.003865979381443299
blockage_105_sev100_t08_14,blockage,105,1.0,8,14,normal,flowrate,952,14,5.157196850025071e-11,0.0,0.0,3.49000000119012e-10,1.6096257e-08,0.014705882352941176
blockage_105_sev100_t08_14,blockage,105,1.0,8,14,normal,pressure,776,0,0.0,0.0,0.0,0.0,0.0,0.0
blockage_105_sev100_t08_14,blockage,105,1.0,8,14,recovery,demand,1067,45,0.0006574690857169635,0.0,0.0,0.0029312304000000105,0.315682,0.04217432052483599
blockage_105_sev100_t08_14,blockage,105,1.0,8,14,recovery,flowrate,1309,1134,0.004064865631321965,6.57320999999998e-05,0.003864771559999999,0.053363545600000076,0.8308181,0.8663101604278075
blockage_105_sev100_t08_14,blockage,105,1.0,8,14,recovery,pressure,1067,1045,0.24473436754451736,0.19343800000000044,0.4266393999999956,1.0022323200000003,26.482560000000007,0.979381443298969
blockage_105_sev100_t12_18,blockage,105,1.0,12,18,fault_active,demand,582,27,0.00035193585958762867,0.0,0.0,0.009599491374599112,0.03133996,0.04639175257731959
blockage_105_sev100_t12_18,blockage,105,1.0,12,18,fault_active,flowrate,714,617,0.004879683791014824,0.0007313786499999995,0.027989806685,0.05489076818000001,0.086230755,0.8641456582633054
blockage_105_sev100_t12_18,blockage,105,1.0,12,18,fault_active,pressure,582,564,0.23712375532646046,0.1001499999999993,0.5972874000000027,4.515714379999878,7.137568999999999,0.9690721649484536
blockage_105_sev100_t12_18,blockage,105,1.0,12,18,normal,demand,1164,8,2.3109965636167905e-11,0.0,0.0,0.0,8.099999999943222e-09,0.006872852233676976
blockage_105_sev100_t12_18,blockage,105,1.0,12,18,normal,flowrate,1428,55,1.4591492573694093e-10,0.0,0.0,3.999999997894577e-09,3.9999999978945766e-08,0.03851540616246499
blockage_105_sev100_t12_18,blockage,105,1.0,12,18,normal,pressure,1164,0,0.0,0.0,0.0,0.0,0.0,0.0
blockage_105_sev100_t12_18,blockage,105,1.0,12,18,recovery,demand,679,28,0.0009648009731958762,0.0,0.0,0.0015958038000000291,0.31617693999999996,0.041237113402061855
blockage_105_sev100_t12_18,blockage,105,1.0,12,18,recovery,flowrate,833,721,0.006014310146618261,6.202999999999938e-05,0.00565977152,0.25127631431999997,0.8313131,0.865546218487395
blockage_105_sev100_t12_18,blockage,105,1.0,12,18,recovery,pressure,679,665,0.21183239203240067,0.10330600000000345,0.5391819000000034,0.9875795600000019,26.45778,0.979381443298969
blockage_107_sev100_t08_14,blockage,107,1.0,8,14,fault_active,demand,582,30,4.542704658075595e-05,0.0,6.963500000025713e-06,0.0021266260760000083,0.002283710000000022,0.05154639175257732
blockage_107_sev100_t08_14,blockage,107,1.0,8,14,fault_active,flowrate,714,624,0.001772471995939629,0.00021888399999999732,0.011112655770000078,0.025473295758,0.02569865,0.8739495798319328
blockage_107_sev100_t08_14,blockage,107,1.0,8,14,fault_active,pressure,582,564,0.07594660687285194,0.02008899999999869,0.23940895000000006,1.311063609999966,1.8836670000000026,0.9690721649484536
blockage_107_sev100_t08_14,blockage,107,1.0,8,14,normal,demand,776,3,5.154639179250963e-12,0.0,0.0,0.0,1.9999999989472883e-09,0.003865979381443299
blockage_107_sev100_t08_14,blockage,107,1.0,8,14,normal,flowrate,952,14,5.157196850025071e-11,0.0,0.0,3.49000000119012e-10,1.6096257e-08,0.014705882352941176
blockage_107_sev100_t08_14,blockage,107,1.0,8,14,normal,pressure,776,0,0.0,0.0,0.0,0.0,0.0,0.0
blockage_107_sev100_t08_14,blockage,107,1.0,8,14,recovery,demand,1067,45,1.0728684882849194e-05,0.0,0.0,0.0002692578999999918,0.0017455100000000005,0.04217432052483599
blockage_107_sev100_t08_14,blockage,107,1.0,8,14,recovery,flowrate,1309,1123,8.680710725616022e-05,1.8089999999998385e-05,0.0003554789999999988,0.0014876499200000065,0.0017455100000000005,0.8579067990832697
blockage_107_sev100_t08_14,blockage,107,1.0,8,14,recovery,pressure,1067,1045,0.015646201593252185,0.01608299999999474,0.028544799999999527,0.03057791999999935,0.04333209999999976,0.979381443298969
blockage_107_sev100_t12_18,blockage,107,1.0,12,18,fault_active,demand,582,27,2.8746926154639033e-05,0.0,0.0,0.000766353059999946,0.0023004799999999936,0.04639175257731959
blockage_107_sev100_t12_18,blockage,107,1.0,12,18,fault_active,flowrate,714,617,0.0010285803859423654,8.107250000000121e-05,0.0036671866675,0.016489292799999996,0.025732579,0.8641456582633054
blockage_107_sev100_t12_18,blockage,107,1.0,12,18,fault_active,pressure,582,564,0.04133108024054999,0.01380300000000112,0.14728785000000022,0.6729157799999658,1.8577629999999985,0.9690721649484536
blockage_107_sev100_t12_18,blockage,107,1.0,12,18,normal,demand,1164,8,2.3109965636167905e-11,0.0,0.0,0.0,8.099999999943222e-09,0.006872852233676976
blockage_107_sev100_t12_18,blockage,107,1.0,12,18,normal,flowrate,1428,55,1.4591492573694093e-10,0.0,0.0,3.999999997894577e-09,3.9999999978945766e-08,0.03851540616246499
blockage_107_sev100_t12_18,blockage,107,1.0,12,18,normal,pressure,1164,0,0.0,0.0,0.0,0.0,0.0,0.0
blockage_107_sev100_t12_18,blockage,107,1.0,12,18,recovery,demand,679,28,6.937137231222091e-06,0.0,0.0,0.00022014486000000076,0.00045535499999999757,0.041237113402061855
blockage_107_sev100_t12_18,blockage,107,1.0,12,18,recovery,flowrate,833,720,5.5907160991042924e-05,1.4488000000000001e-05,0.00029403999999997314,0.00042035000000001377,0.000455357,0.8643457382953181
blockage_107_sev100_t12_18,blockage,107,1.0,12,18,recovery,pressure,679,665,0.008869660471281337,0.009339999999994575,0.013734499999999983,0.014483000000000246,0.019110200000000077,0.979381443298969
