scenario,fault_type,target_id,severity,start_hour,end_hour,normal_anomalies,fault_active_anomalies,recovery_anomalies,pressure_anomalies,flowrate_anomalies,fault_detected,first_detection_s,detection_delay_s
leak_101_sev30_t06_12,leak,101,0.3,6,12,0,84,0,18,66,True,21600,0
leak_101_sev30_t10_16,leak,101,0.3,10,16,0,82,82,15,67,True,36000,0
leak_101_sev30_t14_20,leak,101,0.3,14,20,0,82,95,3,79,True,50400,0
leak_101_sev60_t06_12,leak,101,0.6,6,12,0,152,88,43,109,True,21600,0
leak_101_sev60_t10_16,leak,101,0.6,10,16,0,180,91,49,131,True,36000,0
leak_101_sev60_t14_20,leak,101,0.6,14,20,0,258,210,70,188,True,50400,0
leak_101_sev90_t06_12,leak,101,0.9,6,12,0,266,108,89,177,True,21600,0
leak_101_sev90_t10_16,leak,101,0.9,10,16,0,319,111,109,210,True,36000,0
leak_101_sev90_t14_20,leak,101,0.9,14,20,0,415,383,180,235,True,50400,0
leak_105_sev30_t06_12,leak,105,0.3,6,12,0,69,0,12,57,True,21600,0
leak_105_sev30_t10_16,leak,105,0.3,10,16,0,73,83,10,63,True,36000,0
leak_105_sev30_t14_20,leak,105,0.3,14,20,0,73,93,2,71,True,50400,0
leak_105_sev60_t06_12,leak,105,0.6,6,12,0,159,91,53,106,True,21600,0
leak_105_sev60_t10_16,leak,105,0.6,10,16,0,185,96,58,127,True,36000,0
leak_105_sev60_t14_20,leak,105,0.6,14,20,0,273,205,78,195,True,50400,0
leak_105_sev90_t06_12,leak,105,0.9,6,12,0,226,107,84,142,True,21600,0
leak_105_sev90_t10_16,leak,105,0.9,10,16,0,287,193,112,175,True,36000,0
leak_105_sev90_t14_20,leak,105,0.9,14,20,0,416,354,176,240,True,50400,0
leak_109_sev30_t06_12,leak,109,0.3,6,12,0,82,0,18,64,True,21600,0
leak_109_sev30_t10_16,leak,109,0.3,10,16,0,86,83,15,71,True,36000,0
leak_109_sev30_t14_20,leak,109,0.3,14,20,0,75,95,3,72,True,50400,0
leak_109_sev60_t06_12,leak,109,0.6,6,12,0,159,94,47,112,True,21600,0
leak_109_sev60_t10_16,leak,109,0.6,10,16,0,182,97,55,127,True,36000,0
leak_109_sev60_t14_20,leak,109,0.6,14,20,0,247,213,70,177,True,50400,0
leak_109_sev90_t06_12,leak,109,0.9,6,12,0,274,113,92,182,True,21600,0
leak_109_sev90_t10_16,leak,109,0.9,10,16,0,324,199,114,210,True,36000,0
leak_109_sev90_t14_20,leak,109,0.9,14,20,0,431,403,192,239,True,50400,0
pump_failure_10_sev100_t08_14,pump_failure,10,1.0,8,14,0,812,1708,433,379,True,32400,3600
pump_failure_10_sev100_t12_18,pump_failure,10,1.0,12,18,0,631,1045,386,245,True,46800,3600
blockage_103_sev100_t08_14,blockage,103,1.0,8,14,0,469,268,180,289,True,28800,0
blockage_103_sev100_t12_18,blockage,103,1.0,12,18,0,254,112,44,210,True,43200,0
blockage_105_sev100_t08_14,blockage,105,1.0,8,14,0,271,91,66,205,True,28800,0
blockage_105_sev100_t12_18,blockage,105,1.0,12,18,0,181,83,43,138,True,43200,0
blockage_107_sev100_t08_14,blockage,107,1.0,8,14,0,84,0,18,66,True,28800,0
blockage_107_sev100_t12_18,blockage,107,1.0,12,18,0,42,0,9,33,True,43200,0
